region,cluster,Resource,Resource_Type,MGA,R_ID,Zone,LDS,CapRes_1,ESR_1,ESR_2,Existing_Cap_MW,Existing_Charge_Cap_MW,Existing_Cap_MWh,New_Build,Cap_Size,Min_Cap_MW,Max_Cap_MW,Min_Charge_Cap_MW,Max_Charge_Cap_MW,Min_Cap_MWh,Max_Cap_MWh,Inv_Cost_per_MWyr,Fixed_OM_Cost_per_MWyr,Inv_Cost_per_MWhyr,Fixed_OM_Cost_per_MWhyr,Inv_Cost_Charge_per_MWyr,Fixed_OM_Cost_Charge_per_MWyr,Var_OM_Cost_per_MWh,Var_OM_Cost_per_MWh_In,Start_Cost_per_MW,Start_Fuel_MMBTU_per_MW,Heat_Rate_MMBTU_per_MWh,Fuel,Min_Power,Self_Disch,Eff_Up,Eff_Down,Hydro_Energy_to_Power_Ratio,Min_Duration,Max_Duration,Max_Flexible_Demand_Advance,Max_Flexible_Demand_Delay,Flexible_Demand_Energy_Eff,Ramp_Up_Percentage,Ramp_Dn_Percentage,Up_Time,Down_Time,Reg_Max,Rsv_Max,Reg_Cost,Rsv_Cost,MinCapTag_1,MinCapTag_2,MinCapTag_3
PJM_West,1,10546_G_GEN1,conventional_hydroelectric,1,1,1,1,0.8,0,1,0.4,0,0,0,0,0,0,0,-1,0,-1,0,46475,0,0,0,0,0,0,0,0,9.12,None,0.117,0,1,1,1,0,0,0,0,1,0.083,0.083,0,0,0.006916667,0.013833333,0,0,0,0,0
PJM_West,1,10546_G_GEN2,conventional_hydroelectric,1,1,2,1,0.8,0,1,0.4,0,0,0,0,0,0,0,-1,0,-1,0,46475,0,0,0,0,0,0,0,0,9.12,None,0.117,0,1,1,1,0,0,0,0,1,0.083,0.083,0,0,0.006916667,0.013833333,0,0,0,0,0
PJM_West,1,10546_G_GEN3,conventional_hydroelectric,1,1,3,1,0.8,0,1,0.4,0,0,0,0,0,0,0,-1,0,-1,0,46475,0,0,0,0,0,0,0,0,9.12,None,0.117,0,1,1,1,0,0,0,0,1,0.083,0.083,0,0,0.006916667,0.013833333,0,0,0,0,0
PJM_PENE,1,10152_G_L-1,conventional_hydroelectric,1,1,4,1,0.8,0,1,0.7,0,0,0,0,0,0,0,-1,0,-1,0,46475,0,0,0,0,0,0,0,0,9.12,None,0.117,0,1,1,1,0,0,0,0,1,0.083,0.083,0,0,0.006916667,0.013833333,0,0,0,0,0
PJM_PENE,1,10152_G_L-2,conventional_hydroelectric,1,1,5,1,0.8,0,1,0.7,0,0,0,0,0,0,0,-1,0,-1,0,46475,0,0,0,0,0,0,0,0,9.12,None,0.117,0,1,1,1,0,0,0,0,1,0.083,0.083,0,0,0.006916667,0.013833333,0,0,0,0,0
PJM_PENE,1,10152_G_L-4,conventional_hydroelectric,1,1,6,1,0.8,0,1,0.7,0,0,0,0,0,0,0,-1,0,-1,0,46475,0,0,0,0,0,0,0,0,9.12,None,0.117,0,1,1,1,0,0,0,0,1,0.083,0.083,0,0,0.006916667,0.013833333,0,0,0,0,0
PJM_PENE,1,10152_G_L-5,conventional_hydroelectric,1,1,7,1,0.8,0,1,0.7,0,0,0,0,0,0,0,-1,0,-1,0,46475,0,0,0,0,0,0,0,0,9.12,None,0.117,0,1,1,1,0,0,0,0,1,0.083,0.083,0,0,0.006916667,0.013833333,0,0,0,0,0
PJM_Dom,1,10155_G_1,conventional_hydroelectric,1,1,8,1,0.8,0,1,2.9,0,0,0,0,0,0,0,-1,0,-1,0,46475,0,0,0,0,0,0,0,0,9.12,None,0.117,0,1,1,1,0,0,0,0,1,0.083,0.083,0,0,0.006916667,0.013833333,0,0,0,0,0
PJM_West,1,10285_G_GEN1,conventional_hydroelectric,1,1,9,1,0.8,0,1,2.1,0,0,0,0,0,0,0,-1,0,-1,0,46475,0,0,0,0,0,0,0,0,9.12,None,0.117,0,1,1,1,0,0,0,0,1,0.083,0.083,0,0,0.006916667,0.013833333,0,0,0,0,0
PJM_West,1,10285_G_GEN2,conventional_hydroelectric,1,1,9,1,0.8,0,1,2.1,0,0,0,0,0,0,0,-1,0,-1,0,46475,0,0,0,0,0,0,0,0,9.12,None,0.117,0,1,1,1,0,0,0,0,1,0.083,0.083,0,0,0.006916667,0.013833333,0,0,0,0,0
PJM_West,1,10798_G_GEN1,conventional_hydroelectric,1,1,9,1,0.8,0,1,2,0,0,0,0,0,0,0,-1,0,-1,0,46475,0,0,0,0,0,0,0,0,9.12,None,0.117,0,1,1,1,0,0,0,0,1,0.083,0.083,0,0,0.006916667,0.013833333,0,0,0,0,0
PJM_West,1,10798_G_GEN2,conventional_hydroelectric,1,1,9,1,0.8,0,1,0.8,0,0,0,0,0,0,0,-1,0,-1,0,46475,0,0,0,0,0,0,0,0,9.12,None,0.117,0,1,1,1,0,0,0,0,1,0.083,0.083,0,0,0.006916667,0.013833333,0,0,0,0,0
PJM_West,1,10798_G_GEN3,conventional_hydroelectric,1,1,9,1,0.8,0,1,0.2,0,0,0,0,0,0,0,-1,0,-1,0,46475,0,0,0,0,0,0,0,0,9.12,None,0.117,0,1,1,1,0,0,0,0,1,0.083,0.083,0,0,0.006916667,0.013833333,0,0,0,0,0
PJM_West,1,10798_G_GEN4,conventional_hydroelectric,1,1,9,1,0.8,0,1,2,0,0,0,0,0,0,0,-1,0,-1,0,46475,0,0,0,0,0,0,0,0,9.12,None,0.117,0,1,1,1,0,0,0,0,1,0.083,0.083,0,0,0.006916667,0.013833333,0,0,0,0,0
PJM_COMD,1,10903_G_1GEN,conventional_hydroelectric,1,1,9,1,0.8,0,1,6,0,0,0,0,0,0,0,-1,0,-1,0,46475,0,0,0,0,0,0,0,0,9.12,None,0.117,0,1,1,1,0,0,0,0,1,0.083,0.083,0,0,0.006916667,0.013833333,0,0,0,0,0
PJM_COMD,1,10903_G_2GEN,conventional_hydroelectric,1,1,9,1,0.8,0,1,6,0,0,0,0,0,0,0,-1,0,-1,0,46475,0,0,0,0,0,0,0,0,9.12,None,0.117,0,1,1,1,0,0,0,0,1,0.083,0.083,0,0,0.006916667,0.013833333,0,0,0,0,0
PJM_PENE,1,1567_G_1,conventional_hydroelectric,1,1,9,1,0.8,0,1,9,0,0,0,0,0,0,0,-1,0,-1,0,46475,0,0,0,0,0,0,0,0,9.12,None,0.117,0,1,1,1,0,0,0,0,1,0.083,0.083,0,0,0.006916667,0.013833333,0,0,0,0,0
PJM_PENE,1,1567_G_2,conventional_hydroelectric,1,1,9,1,0.8,0,1,9,0,0,0,0,0,0,0,-1,0,-1,0,46475,0,0,0,0,0,0,0,0,9.12,None,0.117,0,1,1,1,0,0,0,0,1,0.083,0.083,0,0,0.006916667,0.013833333,0,0,0,0,0
PJM_West,1,1359_G_1,conventional_hydroelectric,1,1,9,1,0.8,0,1,0.7,0,0,0,0,0,0,0,-1,0,-1,0,46475,0,0,0,0,0,0,0,0,9.12,None,0.117,0,1,1,1,0,0,0,0,1,0.083,0.083,0,0,0.006916667,0.013833333,0,0,0,0,0
PJM_West,1,1359_G_2,conventional_hydroelectric,1,1,9,1,0.8,0,1,0.9,0,0,0,0,0,0,0,-1,0,-1,0,46475,0,0,0,0,0,0,0,0,9.12,None,0.117,0,1,1,1,0,0,0,0,1,0.083,0.083,0,0,0.006916667,0.013833333,0,0,0,0,0
PJM_West,1,1359_G_3,conventional_hydroelectric,1,1,9,1,0.8,0,1,0.7,0,0,0,0,0,0,0,-1,0,-1,0,46475,0,0,0,0,0,0,0,0,9.12,None,0.117,0,1,1,1,0,0,0,0,1,0.083,0.083,0,0,0.006916667,0.013833333,0,0,0,0,0
PJM_EMAC,1,1574_G_1,conventional_hydroelectric,1,1,9,1,0.8,0,1,48,0,0,0,0,0,0,0,-1,0,-1,0,46475,0,0,0,0,0,0,0,0,9.12,None,0.117,0,1,1,1,0,0,0,0,1,0.083,0.083,0,0,0.006916667,0.013833333,0,0,0,0,0
PJM_EMAC,1,1574_G_10,conventional_hydroelectric,1,1,9,1,0.8,0,1,65,0,0,0,0,0,0,0,-1,0,-1,0,46475,0,0,0,0,0,0,0,0,9.12,None,0.117,0,1,1,1,0,0,0,0,1,0.083,0.083,0,0,0.006916667,0.013833333,0,0,0,0,0
PJM_EMAC,1,1574_G_11,conventional_hydroelectric,1,1,9,1,0.8,0,1,65,0,0,0,0,0,0,0,-1,0,-1,0,46475,0,0,0,0,0,0,0,0,9.12,None,0.117,0,1,1,1,0,0,0,0,1,0.083,0.083,0,0,0.006916667,0.013833333,0,0,0,0,0
PJM_EMAC,1,1574_G_2,conventional_hydroelectric,1,1,9,1,0.8,0,1,36,0,0,0,0,0,0,0,-1,0,-1,0,46475,0,0,0,0,0,0,0,0,9.12,None,0.117,0,1,1,1,0,0,0,0,1,0.083,0.083,0,0,0.006916667,0.013833333,0,0,0,0,0
PJM_EMAC,1,1574_G_3,conventional_hydroelectric,1,1,9,1,0.8,0,1,48,0,0,0,0,0,0,0,-1,0,-1,0,46475,0,0,0,0,0,0,0,0,9.12,None,0.117,0,1,1,1,0,0,0,0,1,0.083,0.083,0,0,0.006916667,0.013833333,0,0,0,0,0
PJM_EMAC,1,1574_G_4,conventional_hydroelectric,1,1,9,1,0.8,0,1,48,0,0,0,0,0,0,0,-1,0,-1,0,46475,0,0,0,0,0,0,0,0,9.12,None,0.117,0,1,1,1,0,0,0,0,1,0.083,0.083,0,0,0.006916667,0.013833333,0,0,0,0,0
PJM_EMAC,1,1574_G_5,conventional_hydroelectric,1,1,9,1,0.8,0,1,36,0,0,0,0,0,0,0,-1,0,-1,0,46475,0,0,0,0,0,0,0,0,9.12,None,0.117,0,1,1,1,0,0,0,0,1,0.083,0.083,0,0,0.006916667,0.013833333,0,0,0,0,0
PJM_EMAC,1,1574_G_6,conventional_hydroelectric,1,1,9,1,0.8,0,1,48,0,0,0,0,0,0,0,-1,0,-1,0,46475,0,0,0,0,0,0,0,0,9.12,None,0.117,0,1,1,1,0,0,0,0,1,0.083,0.083,0,0,0.006916667,0.013833333,0,0,0,0,0
PJM_EMAC,1,1574_G_7,conventional_hydroelectric,1,1,9,1,0.8,0,1,48,0,0,0,0,0,0,0,-1,0,-1,0,46475,0,0,0,0,0,0,0,0,9.12,None,0.117,0,1,1,1,0,0,0,0,1,0.083,0.083,0,0,0.006916667,0.013833333,0,0,0,0,0
PJM_EMAC,1,1574_G_8,conventional_hydroelectric,1,1,9,1,0.8,0,1,65,0,0,0,0,0,0,0,-1,0,-1,0,46475,0,0,0,0,0,0,0,0,9.12,None,0.117,0,1,1,1,0,0,0,0,1,0.083,0.083,0,0,0.006916667,0.013833333,0,0,0,0,0
PJM_EMAC,1,1574_G_9,conventional_hydroelectric,1,1,9,1,0.8,0,1,65,0,0,0,0,0,0,0,-1,0,-1,0,46475,0,0,0,0,0,0,0,0,9.12,None,0.117,0,1,1,1,0,0,0,0,1,0.083,0.083,0,0,0.006916667,0.013833333,0,0,0,0,0
PJM_West,1,1753_G_10,conventional_hydroelectric,1,1,9,1,0.8,0,1,0.4,0,0,0,0,0,0,0,-1,0,-1,0,46475,0,0,0,0,0,0,0,0,9.12,None,0.117,0,1,1,1,0,0,0,0,1,0.083,0.083,0,0,0.006916667,0.013833333,0,0,0,0,0
PJM_West,1,1753_G_11,conventional_hydroelectric,1,1,9,1,0.8,0,1,0.4,0,0,0,0,0,0,0,-1,0,-1,0,46475,0,0,0,0,0,0,0,0,9.12,None,0.117,0,1,1,1,0,0,0,0,1,0.083,0.083,0,0,0.006916667,0.013833333,0,0,0,0,0
PJM_West,1,1753_G_12,conventional_hydroelectric,1,1,9,1,0.8,0,1,0.4,0,0,0,0,0,0,0,-1,0,-1,0,46475,0,0,0,0,0,0,0,0,9.12,None,0.117,0,1,1,1,0,0,0,0,1,0.083,0.083,0,0,0.006916667,0.013833333,0,0,0,0,0
PJM_West,1,1753_G_1A,conventional_hydroelectric,1,1,9,1,0.8,0,1,0.4,0,0,0,0,0,0,0,-1,0,-1,0,46475,0,0,0,0,0,0,0,0,9.12,None,0.117,0,1,1,1,0,0,0,0,1,0.083,0.083,0,0,0.006916667,0.013833333,0,0,0,0,0
PJM_West,1,1753_G_2A,conventional_hydroelectric,1,1,9,1,0.8,0,1,0.4,0,0,0,0,0,0,0,-1,0,-1,0,46475,0,0,0,0,0,0,0,0,9.12,None,0.117,0,1,1,1,0,0,0,0,1,0.083,0.083,0,0,0.006916667,0.013833333,0,0,0,0,0
PJM_West,1,1753_G_3A,conventional_hydroelectric,1,1,9,1,0.8,0,1,0.4,0,0,0,0,0,0,0,-1,0,-1,0,46475,0,0,0,0,0,0,0,0,9.12,None,0.117,0,1,1,1,0,0,0,0,1,0.083,0.083,0,0,0.006916667,0.013833333,0,0,0,0,0
PJM_West,1,1753_G_4A,conventional_hydroelectric,1,1,9,1,0.8,0,1,0.4,0,0,0,0,0,0,0,-1,0,-1,0,46475,0,0,0,0,0,0,0,0,9.12,None,0.117,0,1,1,1,0,0,0,0,1,0.083,0.083,0,0,0.006916667,0.013833333,0,0,0,0,0
PJM_West,1,1753_G_5,conventional_hydroelectric,1,1,9,1,0.8,0,1,0.4,0,0,0,0,0,0,0,-1,0,-1,0,46475,0,0,0,0,0,0,0,0,9.12,None,0.117,0,1,1,1,0,0,0,0,1,0.083,0.083,0,0,0.006916667,0.013833333,0,0,0,0,0
PJM_West,1,1753_G_6,conventional_hydroelectric,1,1,9,1,0.8,0,1,0.4,0,0,0,0,0,0,0,-1,0,-1,0,46475,0,0,0,0,0,0,0,0,9.12,None,0.117,0,1,1,1,0,0,0,0,1,0.083,0.083,0,0,0.006916667,0.013833333,0,0,0,0,0
PJM_West,1,1753_G_7,conventional_hydroelectric,1,1,9,1,0.8,0,1,0.4,0,0,0,0,0,0,0,-1,0,-1,0,46475,0,0,0,0,0,0,0,0,9.12,None,0.117,0,1,1,1,0,0,0,0,1,0.083,0.083,0,0,0.006916667,0.013833333,0,0,0,0,0
PJM_West,1,1753_G_8,conventional_hydroelectric,1,1,9,1,0.8,0,1,0.4,0,0,0,0,0,0,0,-1,0,-1,0,46475,0,0,0,0,0,0,0,0,9.12,None,0.117,0,1,1,1,0,0,0,0,1,0.083,0.083,0,0,0.006916667,0.013833333,0,0,0,0,0
PJM_West,1,1753_G_9,conventional_hydroelectric,1,1,9,1,0.8,0,1,0.4,0,0,0,0,0,0,0,-1,0,-1,0,46475,0,0,0,0,0,0,0,0,9.12,None,0.117,0,1,1,1,0,0,0,0,1,0.083,0.083,0,0,0.006916667,0.013833333,0,0,0,0,0
PJM_West,1,1754_G_1,conventional_hydroelectric,1,1,9,1,0.8,0,1,0.2,0,0,0,0,0,0,0,-1,0,-1,0,46475,0,0,0,0,0,0,0,0,9.12,None,0.117,0,1,1,1,0,0,0,0,1,0.083,0.083,0,0,0.006916667,0.013833333,0,0,0,0,0
PJM_West,1,1754_G_10,conventional_hydroelectric,1,1,9,1,0.8,0,1,0.2,0,0,0,0,0,0,0,-1,0,-1,0,46475,0,0,0,0,0,0,0,0,9.12,None,0.117,0,1,1,1,0,0,0,0,1,0.083,0.083,0,0,0.006916667,0.013833333,0,0,0,0,0
PJM_West,1,1754_G_2,conventional_hydroelectric,1,1,9,1,0.8,0,1,0.2,0,0,0,0,0,0,0,-1,0,-1,0,46475,0,0,0,0,0,0,0,0,9.12,None,0.117,0,1,1,1,0,0,0,0,1,0.083,0.083,0,0,0.006916667,0.013833333,0,0,0,0,0
PJM_West,1,1754_G_3,conventional_hydroelectric,1,1,9,1,0.8,0,1,0.2,0,0,0,0,0,0,0,-1,0,-1,0,46475,0,0,0,0,0,0,0,0,9.12,None,0.117,0,1,1,1,0,0,0,0,1,0.083,0.083,0,0,0.006916667,0.013833333,0,0,0,0,0
PJM_West,1,1754_G_4,conventional_hydroelectric,1,1,9,1,0.8,0,1,0.2,0,0,0,0,0,0,0,-1,0,-1,0,46475,0,0,0,0,0,0,0,0,9.12,None,0.117,0,1,1,1,0,0,0,0,1,0.083,0.083,0,0,0.006916667,0.013833333,0,0,0,0,0
PJM_West,1,1754_G_5,conventional_hydroelectric,1,1,9,1,0.8,0,1,0.2,0,0,0,0,0,0,0,-1,0,-1,0,46475,0,0,0,0,0,0,0,0,9.12,None,0.117,0,1,1,1,0,0,0,0,1,0.083,0.083,0,0,0.006916667,0.013833333,0,0,0,0,0
PJM_West,1,1754_G_6,conventional_hydroelectric,1,1,9,1,0.8,0,1,0.2,0,0,0,0,0,0,0,-1,0,-1,0,46475,0,0,0,0,0,0,0,0,9.12,None,0.117,0,1,1,1,0,0,0,0,1,0.083,0.083,0,0,0.006916667,0.013833333,0,0,0,0,0
PJM_West,1,1754_G_7,conventional_hydroelectric,1,1,9,1,0.8,0,1,0.2,0,0,0,0,0,0,0,-1,0,-1,0,46475,0,0,0,0,0,0,0,0,9.12,None,0.117,0,1,1,1,0,0,0,0,1,0.083,0.083,0,0,0.006916667,0.013833333,0,0,0,0,0
PJM_West,1,1754_G_8,conventional_hydroelectric,1,1,9,1,0.8,0,1,0.2,0,0,0,0,0,0,0,-1,0,-1,0,46475,0,0,0,0,0,0,0,0,9.12,None,0.117,0,1,1,1,0,0,0,0,1,0.083,0.083,0,0,0.006916667,0.013833333,0,0,0,0,0
PJM_West,1,1754_G_9,conventional_hydroelectric,1,1,9,1,0.8,0,1,0.2,0,0,0,0,0,0,0,-1,0,-1,0,46475,0,0,0,0,0,0,0,0,9.12,None,0.117,0,1,1,1,0,0,0,0,1,0.083,0.083,0,0,0.006916667,0.013833333,0,0,0,0,0
PJM_West,1,1760_G_1,conventional_hydroelectric,1,1,9,1,0.8,0,1,0.1,0,0,0,0,0,0,0,-1,0,-1,0,46475,0,0,0,0,0,0,0,0,9.12,None,0.117,0,1,1,1,0,0,0,0,1,0.083,0.083,0,0,0.006916667,0.013833333,0,0,0,0,0
PJM_West,1,1760_G_2,conventional_hydroelectric,1,1,9,1,0.8,0,1,0.1,0,0,0,0,0,0,0,-1,0,-1,0,46475,0,0,0,0,0,0,0,0,9.12,None,0.117,0,1,1,1,0,0,0,0,1,0.083,0.083,0,0,0.006916667,0.013833333,0,0,0,0,0
PJM_West,1,1760_G_3,conventional_hydroelectric,1,1,9,1,0.8,0,1,0.1,0,0,0,0,0,0,0,-1,0,-1,0,46475,0,0,0,0,0,0,0,0,9.12,None,0.117,0,1,1,1,0,0,0,0,1,0.083,0.083,0,0,0.006916667,0.013833333,0,0,0,0,0
PJM_West,1,1760_G_4,conventional_hydroelectric,1,1,9,1,0.8,0,1,0.1,0,0,0,0,0,0,0,-1,0,-1,0,46475,0,0,0,0,0,0,0,0,9.12,None,0.117,0,1,1,1,0,0,0,0,1,0.083,0.083,0,0,0.006916667,0.013833333,0,0,0,0,0
PJM_West,1,1761_G_1,conventional_hydroelectric,1,1,9,1,0.8,0,1,0.1,0,0,0,0,0,0,0,-1,0,-1,0,46475,0,0,0,0,0,0,0,0,9.12,None,0.117,0,1,1,1,0,0,0,0,1,0.083,0.083,0,0,0.006916667,0.013833333,0,0,0,0,0
PJM_West,1,1761_G_2,conventional_hydroelectric,1,1,9,1,0.8,0,1,0.1,0,0,0,0,0,0,0,-1,0,-1,0,46475,0,0,0,0,0,0,0,0,9.12,None,0.117,0,1,1,1,0,0,0,0,1,0.083,0.083,0,0,0.006916667,0.013833333,0,0,0,0,0
PJM_West,1,1761_G_3,conventional_hydroelectric,1,1,9,1,0.8,0,1,0.1,0,0,0,0,0,0,0,-1,0,-1,0,46475,0,0,0,0,0,0,0,0,9.12,None,0.117,0,1,1,1,0,0,0,0,1,0.083,0.083,0,0,0.006916667,0.013833333,0,0,0,0,0
PJM_West,1,1761_G_4,conventional_hydroelectric,1,1,9,1,0.8,0,1,0.1,0,0,0,0,0,0,0,-1,0,-1,0,46475,0,0,0,0,0,0,0,0,9.12,None,0.117,0,1,1,1,0,0,0,0,1,0.083,0.083,0,0,0.006916667,0.013833333,0,0,0,0,0
PJM_West,1,1856_G_1,conventional_hydroelectric,1,1,9,1,0.8,0,1,0.4,0,0,0,0,0,0,0,-1,0,-1,0,46475,0,0,0,0,0,0,0,0,9.12,None,0.117,0,1,1,1,0,0,0,0,1,0.083,0.083,0,0,0.006916667,0.013833333,0,0,0,0,0
PJM_West,1,1856_G_2,conventional_hydroelectric,1,1,9,1,0.8,0,1,0.4,0,0,0,0,0,0,0,-1,0,-1,0,46475,0,0,0,0,0,0,0,0,9.12,None,0.117,0,1,1,1,0,0,0,0,1,0.083,0.083,0,0,0.006916667,0.013833333,0,0,0,0,0
PJM_West,1,1856_G_3,conventional_hydroelectric,1,1,9,1,0.8,0,1,0.7,0,0,0,0,0,0,0,-1,0,-1,0,46475,0,0,0,0,0,0,0,0,9.12,None,0.117,0,1,1,1,0,0,0,0,1,0.083,0.083,0,0,0.006916667,0.013833333,0,0,0,0,0
PJM_West,1,1856_G_4,conventional_hydroelectric,1,1,9,1,0.8,0,1,0.7,0,0,0,0,0,0,0,-1,0,-1,0,46475,0,0,0,0,0,0,0,0,9.12,None,0.117,0,1,1,1,0,0,0,0,1,0.083,0.083,0,0,0.006916667,0.013833333,0,0,0,0,0
PJM_Dom,1,2756_G_1,conventional_hydroelectric,1,1,9,1,0.8,0,1,55,0,0,0,0,0,0,0,-1,0,-1,0,46475,0,0,0,0,0,0,0,0,9.12,None,0.117,0,1,1,1,0,0,0,0,1,0.083,0.083,0,0,0.006916667,0.013833333,0,0,0,0,0
PJM_Dom,1,2756_G_2,conventional_hydroelectric,1,1,9,1,0.8,0,1,55,0,0,0,0,0,0,0,-1,0,-1,0,46475,0,0,0,0,0,0,0,0,9.12,None,0.117,0,1,1,1,0,0,0,0,1,0.083,0.083,0,0,0.006916667,0.013833333,0,0,0,0,0
PJM_Dom,1,2756_G_3,conventional_hydroelectric,1,1,9,1,0.8,0,1,55,0,0,0,0,0,0,0,-1,0,-1,0,46475,0,0,0,0,0,0,0,0,9.12,None,0.117,0,1,1,1,0,0,0,0,1,0.083,0.083,0,0,0.006916667,0.013833333,0,0,0,0,0
PJM_Dom,1,2756_G_4,conventional_hydroelectric,1,1,9,1,0.8,0,1,55,0,0,0,0,0,0,0,-1,0,-1,0,46475,0,0,0,0,0,0,0,0,9.12,None,0.117,0,1,1,1,0,0,0,0,1,0.083,0.083,0,0,0.006916667,0.013833333,0,0,0,0,0
PJM_Dom,1,2758_G_1,conventional_hydroelectric,1,1,9,1,0.8,0,1,24,0,0,0,0,0,0,0,-1,0,-1,0,46475,0,0,0,0,0,0,0,0,9.12,None,0.117,0,1,1,1,0,0,0,0,1,0.083,0.083,0,0,0.006916667,0.013833333,0,0,0,0,0
PJM_Dom,1,2758_G_2,conventional_hydroelectric,1,1,9,1,0.8,0,1,24,0,0,0,0,0,0,0,-1,0,-1,0,46475,0,0,0,0,0,0,0,0,9.12,None,0.117,0,1,1,1,0,0,0,0,1,0.083,0.083,0,0,0.006916667,0.013833333,0,0,0,0,0
PJM_Dom,1,2758_G_3,conventional_hydroelectric,1,1,9,1,0.8,0,1,24,0,0,0,0,0,0,0,-1,0,-1,0,46475,0,0,0,0,0,0,0,0,9.12,None,0.117,0,1,1,1,0,0,0,0,1,0.083,0.083,0,0,0.006916667,0.013833333,0,0,0,0,0
PJM_Dom,1,2758_G_4,conventional_hydroelectric,1,1,9,1,0.8,0,1,23,0,0,0,0,0,0,0,-1,0,-1,0,46475,0,0,0,0,0,0,0,0,9.12,None,0.117,0,1,1,1,0,0,0,0,1,0.083,0.083,0,0,0.006916667,0.013833333,0,0,0,0,0
PJM_WMAC,1,3117_G_1,conventional_hydroelectric,1,1,9,1,0.8,0,1,19,0,0,0,0,0,0,0,-1,0,-1,0,46475,0,0,0,0,0,0,0,0,9.12,None,0.117,0,1,1,1,0,0,0,0,1,0.083,0.083,0,0,0.006916667,0.013833333,0,0,0,0,0
PJM_PENE,1,3124_G_1,conventional_hydroelectric,1,1,9,1,0.8,0,1,11.8,0,0,0,0,0,0,0,-1,0,-1,0,46475,0,0,0,0,0,0,0,0,9.12,None,0.117,0,1,1,1,0,0,0,0,1,0.083,0.083,0,0,0.006916667,0.013833333,0,0,0,0,0
PJM_PENE,1,3124_G_2,conventional_hydroelectric,1,1,9,1,0.8,0,1,11.8,0,0,0,0,0,0,0,-1,0,-1,0,46475,0,0,0,0,0,0,0,0,9.12,None,0.117,0,1,1,1,0,0,0,0,1,0.083,0.083,0,0,0.006916667,0.013833333,0,0,0,0,0
PJM_PENE,1,3124_G_3,conventional_hydroelectric,1,1,9,1,0.8,0,1,9.6,0,0,0,0,0,0,0,-1,0,-1,0,46475,0,0,0,0,0,0,0,0,9.12,None,0.117,0,1,1,1,0,0,0,0,1,0.083,0.083,0,0,0.006916667,0.013833333,0,0,0,0,0
PJM_WMAC,1,3145_G_HW1,conventional_hydroelectric,1,1,9,1,0.8,0,1,10,0,0,0,0,0,0,0,-1,0,-1,0,46475,0,0,0,0,0,0,0,0,9.12,None,0.117,0,1,1,1,0,0,0,0,1,0.083,0.083,0,0,0.006916667,0.013833333,0,0,0,0,0
PJM_WMAC,1,3145_G_HW10,conventional_hydroelectric,1,1,9,1,0.8,0,1,13.2,0,0,0,0,0,0,0,-1,0,-1,0,46475,0,0,0,0,0,0,0,0,9.12,None,0.117,0,1,1,1,0,0,0,0,1,0.083,0.083,0,0,0.006916667,0.013833333,0,0,0,0,0
PJM_EMAC,1,3145_G_HW11,conventional_hydroelectric,1,1,9,1,0.8,0,1,1.2,0,0,0,0,0,0,0,-1,0,-1,0,46475,0,0,0,0,0,0,0,0,9.12,None,0.117,0,1,1,1,0,0,0,0,1,0.083,0.083,0,0,0.006916667,0.013833333,0,0,0,0,0
PJM_EMAC,1,3145_G_HW13,conventional_hydroelectric,1,1,9,1,0.8,0,1,1.2,0,0,0,0,0,0,0,-1,0,-1,0,46475,0,0,0,0,0,0,0,0,9.12,None,0.117,0,1,1,1,0,0,0,0,1,0.083,0.083,0,0,0.006916667,0.013833333,0,0,0,0,0
PJM_EMAC,1,3145_G_HW18,conventional_hydroelectric,1,1,9,1,0.8,0,1,64.6,0,0,0,0,0,0,0,-1,0,-1,0,46475,0,0,0,0,0,0,0,0,9.12,None,0.117,0,1,1,1,0,0,0,0,1,0.083,0.083,0,0,0.006916667,0.013833333,0,0,0,0,0
PJM_EMAC,1,3145_G_HW19,conventional_hydroelectric,1,1,9,1,0.8,0,1,64.6,0,0,0,0,0,0,0,-1,0,-1,0,46475,0,0,0,0,0,0,0,0,9.12,None,0.117,0,1,1,1,0,0,0,0,1,0.083,0.083,0,0,0.006916667,0.013833333,0,0,0,0,0
PJM_WMAC,1,3145_G_HW2,conventional_hydroelectric,1,1,9,1,0.8,0,1,11.7,0,0,0,0,0,0,0,-1,0,-1,0,46475,0,0,0,0,0,0,0,0,9.12,None,0.117,0,1,1,1,0,0,0,0,1,0.083,0.083,0,0,0.006916667,0.013833333,0,0,0,0,0
PJM_WMAC,1,3145_G_HW3,conventional_hydroelectric,1,1,9,1,0.8,0,1,12.7,0,0,0,0,0,0,0,-1,0,-1,0,46475,0,0,0,0,0,0,0,0,9.12,None,0.117,0,1,1,1,0,0,0,0,1,0.083,0.083,0,0,0.006916667,0.013833333,0,0,0,0,0
PJM_WMAC,1,3145_G_HW4,conventional_hydroelectric,1,1,9,1,0.8,0,1,11.2,0,0,0,0,0,0,0,-1,0,-1,0,46475,0,0,0,0,0,0,0,0,9.12,None,0.117,0,1,1,1,0,0,0,0,1,0.083,0.083,0,0,0.006916667,0.013833333,0,0,0,0,0
PJM_WMAC,1,3145_G_HW5,conventional_hydroelectric,1,1,9,1,0.8,0,1,12.1,0,0,0,0,0,0,0,-1,0,-1,0,46475,0,0,0,0,0,0,0,0,9.12,None,0.117,0,1,1,1,0,0,0,0,1,0.083,0.083,0,0,0.006916667,0.013833333,0,0,0,0,0
PJM_WMAC,1,3145_G_HW6,conventional_hydroelectric,1,1,9,1,0.8,0,1,12.5,0,0,0,0,0,0,0,-1,0,-1,0,46475,0,0,0,0,0,0,0,0,9.12,None,0.117,0,1,1,1,0,0,0,0,1,0.083,0.083,0,0,0.006916667,0.013833333,0,0,0,0,0
PJM_WMAC,1,3145_G_HW7,conventional_hydroelectric,1,1,9,1,0.8,0,1,10.3,0,0,0,0,0,0,0,-1,0,-1,0,46475,0,0,0,0,0,0,0,0,9.12,None,0.117,0,1,1,1,0,0,0,0,1,0.083,0.083,0,0,0.006916667,0.013833333,0,0,0,0,0
PJM_WMAC,1,3145_G_HW8,conventional_hydroelectric,1,1,9,1,0.8,0,1,10.5,0,0,0,0,0,0,0,-1,0,-1,0,46475,0,0,0,0,0,0,0,0,9.12,None,0.117,0,1,1,1,0,0,0,0,1,0.083,0.083,0,0,0.006916667,0.013833333,0,0,0,0,0
PJM_WMAC,1,3145_G_HW9,conventional_hydroelectric,1,1,9,1,0.8,0,1,13.2,0,0,0,0,0,0,0,-1,0,-1,0,46475,0,0,0,0,0,0,0,0,9.12,None,0.117,0,1,1,1,0,0,0,0,1,0.083,0.083,0,0,0.006916667,0.013833333,0,0,0,0,0
PJM_WMAC,1,3153_G_WP1,conventional_hydroelectric,1,1,9,1,0.8,0,1,22,0,0,0,0,0,0,0,-1,0,-1,0,46475,0,0,0,0,0,0,0,0,9.12,None,0.117,0,1,1,1,0,0,0,0,1,0.083,0.083,0,0,0.006916667,0.013833333,0,0,0,0,0
PJM_WMAC,1,3153_G_WP2,conventional_hydroelectric,1,1,9,1,0.8,0,1,22,0,0,0,0,0,0,0,-1,0,-1,0,46475,0,0,0,0,0,0,0,0,9.12,None,0.117,0,1,1,1,0,0,0,0,1,0.083,0.083,0,0,0.006916667,0.013833333,0,0,0,0,0
PJM_WMAC,1,3175_G_1,conventional_hydroelectric,1,1,9,1,0.8,0,1,33,0,0,0,0,0,0,0,-1,0,-1,0,46475,0,0,0,0,0,0,0,0,9.12,None,0.117,0,1,1,1,0,0,0,0,1,0.083,0.083,0,0,0.006916667,0.013833333,0,0,0,0,0
PJM_WMAC,1,3175_G_10,conventional_hydroelectric,1,1,9,1,0.8,0,1,37.5,0,0,0,0,0,0,0,-1,0,-1,0,46475,0,0,0,0,0,0,0,0,9.12,None,0.117,0,1,1,1,0,0,0,0,1,0.083,0.083,0,0,0.006916667,0.013833333,0,0,0,0,0
PJM_WMAC,1,3175_G_11,conventional_hydroelectric,1,1,9,1,0.8,0,1,37.5,0,0,0,0,0,0,0,-1,0,-1,0,46475,0,0,0,0,0,0,0,0,9.12,None,0.117,0,1,1,1,0,0,0,0,1,0.083,0.083,0,0,0.006916667,0.013833333,0,0,0,0,0
PJM_WMAC,1,3175_G_12,conventional_hydroelectric,1,1,9,1,0.8,0,1,37.5,0,0,0,0,0,0,0,-1,0,-1,0,46475,0,0,0,0,0,0,0,0,9.12,None,0.117,0,1,1,1,0,0,0,0,1,0.083,0.083,0,0,0.006916667,0.013833333,0,0,0,0,0
PJM_WMAC,1,3175_G_2,conventional_hydroelectric,1,1,9,1,0.8,0,1,33,0,0,0,0,0,0,0,-1,0,-1,0,46475,0,0,0,0,0,0,0,0,9.12,None,0.117,0,1,1,1,0,0,0,0,1,0.083,0.083,0,0,0.006916667,0.013833333,0,0,0,0,0
PJM_WMAC,1,3175_G_3,conventional_hydroelectric,1,1,9,1,0.8,0,1,32,0,0,0,0,0,0,0,-1,0,-1,0,46475,0,0,0,0,0,0,0,0,9.12,None,0.117,0,1,1,1,0,0,0,0,1,0.083,0.083,0,0,0.006916667,0.013833333,0,0,0,0,0
PJM_WMAC,1,3175_G_4,conventional_hydroelectric,1,1,9,1,0.8,0,1,32,0,0,0,0,0,0,0,-1,0,-1,0,46475,0,0,0,0,0,0,0,0,9.12,None,0.117,0,1,1,1,0,0,0,0,1,0.083,0.083,0,0,0.006916667,0.013833333,0,0,0,0,0
PJM_WMAC,1,3175_G_41,conventional_hydroelectric,1,1,9,1,0.8,0,1,2,0,0,0,0,0,0,0,-1,0,-1,0,46475,0,0,0,0,0,0,0,0,9.12,None,0.117,0,1,1,1,0,0,0,0,1,0.083,0.083,0,0,0.006916667,0.013833333,0,0,0,0,0
PJM_WMAC,1,3175_G_42,conventional_hydroelectric,1,1,9,1,0.8,0,1,2,0,0,0,0,0,0,0,-1,0,-1,0,46475,0,0,0,0,0,0,0,0,9.12,None,0.117,0,1,1,1,0,0,0,0,1,0.083,0.083,0,0,0.006916667,0.013833333,0,0,0,0,0
PJM_WMAC,1,3175_G_5,conventional_hydroelectric,1,1,9,1,0.8,0,1,32,0,0,0,0,0,0,0,-1,0,-1,0,46475,0,0,0,0,0,0,0,0,9.12,None,0.117,0,1,1,1,0,0,0,0,1,0.083,0.083,0,0,0.006916667,0.013833333,0,0,0,0,0
PJM_WMAC,1,3175_G_6,conventional_hydroelectric,1,1,9,1,0.8,0,1,32,0,0,0,0,0,0,0,-1,0,-1,0,46475,0,0,0,0,0,0,0,0,9.12,None,0.117,0,1,1,1,0,0,0,0,1,0.083,0.083,0,0,0.006916667,0.013833333,0,0,0,0,0
PJM_WMAC,1,3175_G_7,conventional_hydroelectric,1,1,9,1,0.8,0,1,32,0,0,0,0,0,0,0,-1,0,-1,0,46475,0,0,0,0,0,0,0,0,9.12,None,0.117,0,1,1,1,0,0,0,0,1,0.083,0.083,0,0,0.006916667,0.013833333,0,0,0,0,0
PJM_WMAC,1,3175_G_8,conventional_hydroelectric,1,1,9,1,0.8,0,1,37.5,0,0,0,0,0,0,0,-1,0,-1,0,46475,0,0,0,0,0,0,0,0,9.12,None,0.117,0,1,1,1,0,0,0,0,1,0.083,0.083,0,0,0.006916667,0.013833333,0,0,0,0,0
PJM_WMAC,1,3175_G_9,conventional_hydroelectric,1,1,9,1,0.8,0,1,37.5,0,0,0,0,0,0,0,-1,0,-1,0,46475,0,0,0,0,0,0,0,0,9.12,None,0.117,0,1,1,1,0,0,0,0,1,0.083,0.083,0,0,0.006916667,0.013833333,0,0,0,0,0
PJM_West,1,3772_G_1,conventional_hydroelectric,1,1,9,1,0.8,0,1,3,0,0,0,0,0,0,0,-1,0,-1,0,46475,0,0,0,0,0,0,0,0,9.12,None,0.117,0,1,1,1,0,0,0,0,1,0.083,0.083,0,0,0.006916667,0.013833333,0,0,0,0,0
PJM_West,1,3772_G_2,conventional_hydroelectric,1,1,9,1,0.8,0,1,3,0,0,0,0,0,0,0,-1,0,-1,0,46475,0,0,0,0,0,0,0,0,9.12,None,0.117,0,1,1,1,0,0,0,0,1,0.083,0.083,0,0,0.006916667,0.013833333,0,0,0,0,0
PJM_West,1,3772_G_3,conventional_hydroelectric,1,1,9,1,0.8,0,1,3,0,0,0,0,0,0,0,-1,0,-1,0,46475,0,0,0,0,0,0,0,0,9.12,None,0.117,0,1,1,1,0,0,0,0,1,0.083,0.083,0,0,0.006916667,0.013833333,0,0,0,0,0
PJM_West,1,3773_G_1,conventional_hydroelectric,1,1,9,1,0.8,0,1,7.9,0,0,0,0,0,0,0,-1,0,-1,0,46475,0,0,0,0,0,0,0,0,9.12,None,0.117,0,1,1,1,0,0,0,0,1,0.083,0.083,0,0,0.006916667,0.013833333,0,0,0,0,0
PJM_West,1,3773_G_2,conventional_hydroelectric,1,1,9,1,0.8,0,1,7.9,0,0,0,0,0,0,0,-1,0,-1,0,46475,0,0,0,0,0,0,0,0,9.12,None,0.117,0,1,1,1,0,0,0,0,1,0.083,0.083,0,0,0.006916667,0.013833333,0,0,0,0,0
PJM_West,1,3773_G_3,conventional_hydroelectric,1,1,9,1,0.8,0,1,7.9,0,0,0,0,0,0,0,-1,0,-1,0,46475,0,0,0,0,0,0,0,0,9.12,None,0.117,0,1,1,1,0,0,0,0,1,0.083,0.083,0,0,0.006916667,0.013833333,0,0,0,0,0
PJM_West,1,3773_G_4,conventional_hydroelectric,1,1,9,1,0.8,0,1,7.9,0,0,0,0,0,0,0,-1,0,-1,0,46475,0,0,0,0,0,0,0,0,9.12,None,0.117,0,1,1,1,0,0,0,0,1,0.083,0.083,0,0,0.006916667,0.013833333,0,0,0,0,0
PJM_West,1,3774_G_1,conventional_hydroelectric,1,1,9,1,0.8,0,1,14.7,0,0,0,0,0,0,0,-1,0,-1,0,46475,0,0,0,0,0,0,0,0,9.12,None,0.117,0,1,1,1,0,0,0,0,1,0.083,0.083,0,0,0.006916667,0.013833333,0,0,0,0,0
PJM_West,1,3774_G_2,conventional_hydroelectric,1,1,9,1,0.8,0,1,14.7,0,0,0,0,0,0,0,-1,0,-1,0,46475,0,0,0,0,0,0,0,0,9.12,None,0.117,0,1,1,1,0,0,0,0,1,0.083,0.083,0,0,0.006916667,0.013833333,0,0,0,0,0
PJM_West,1,3774_G_3,conventional_hydroelectric,1,1,9,1,0.8,0,1,14.7,0,0,0,0,0,0,0,-1,0,-1,0,46475,0,0,0,0,0,0,0,0,9.12,None,0.117,0,1,1,1,0,0,0,0,1,0.083,0.083,0,0,0.006916667,0.013833333,0,0,0,0,0
PJM_West,1,3774_G_4,conventional_hydroelectric,1,1,9,1,0.8,0,1,14.7,0,0,0,0,0,0,0,-1,0,-1,0,46475,0,0,0,0,0,0,0,0,9.12,None,0.117,0,1,1,1,0,0,0,0,1,0.083,0.083,0,0,0.006916667,0.013833333,0,0,0,0,0
PJM_West,1,3777_G_1,conventional_hydroelectric,1,1,9,1,0.8,0,1,25,0,0,0,0,0,0,0,-1,0,-1,0,46475,0,0,0,0,0,0,0,0,9.12,None,0.117,0,1,1,1,0,0,0,0,1,0.083,0.083,0,0,0.006916667,0.013833333,0,0,0,0,0
PJM_West,1,3777_G_2,conventional_hydroelectric,1,1,9,1,0.8,0,1,25,0,0,0,0,0,0,0,-1,0,-1,0,46475,0,0,0,0,0,0,0,0,9.12,None,0.117,0,1,1,1,0,0,0,0,1,0.083,0.083,0,0,0.006916667,0.013833333,0,0,0,0,0
PJM_West,1,3778_G_1,conventional_hydroelectric,1,1,9,1,0.8,0,1,0.6,0,0,0,0,0,0,0,-1,0,-1,0,46475,0,0,0,0,0,0,0,0,9.12,None,0.117,0,1,1,1,0,0,0,0,1,0.083,0.083,0,0,0.006916667,0.013833333,0,0,0,0,0
PJM_West,1,3778_G_2,conventional_hydroelectric,1,1,9,1,0.8,0,1,1.2,0,0,0,0,0,0,0,-1,0,-1,0,46475,0,0,0,0,0,0,0,0,9.12,None,0.117,0,1,1,1,0,0,0,0,1,0.083,0.083,0,0,0.006916667,0.013833333,0,0,0,0,0
PJM_West,1,3779_G_1,conventional_hydroelectric,1,1,9,1,0.8,0,1,2.5,0,0,0,0,0,0,0,-1,0,-1,0,46475,0,0,0,0,0,0,0,0,9.12,None,0.117,0,1,1,1,0,0,0,0,1,0.083,0.083,0,0,0.006916667,0.013833333,0,0,0,0,0
PJM_West,1,3779_G_2,conventional_hydroelectric,1,1,9,1,0.8,0,1,2.5,0,0,0,0,0,0,0,-1,0,-1,0,46475,0,0,0,0,0,0,0,0,9.12,None,0.117,0,1,1,1,0,0,0,0,1,0.083,0.083,0,0,0.006916667,0.013833333,0,0,0,0,0
PJM_West,1,3779_G_3,conventional_hydroelectric,1,1,9,1,0.8,0,1,2.5,0,0,0,0,0,0,0,-1,0,-1,0,46475,0,0,0,0,0,0,0,0,9.12,None,0.117,0,1,1,1,0,0,0,0,1,0.083,0.083,0,0,0.006916667,0.013833333,0,0,0,0,0
PJM_West,1,3779_G_5,conventional_hydroelectric,1,1,9,1,0.8,0,1,2.5,0,0,0,0,0,0,0,-1,0,-1,0,46475,0,0,0,0,0,0,0,0,9.12,None,0.117,0,1,1,1,0,0,0,0,1,0.083,0.083,0,0,0.006916667,0.013833333,0,0,0,0,0
PJM_West,1,3780_G_2,conventional_hydroelectric,1,1,9,1,0.8,0,1,174,0,0,0,0,0,0,0,-1,0,-1,0,46475,0,0,0,0,0,0,0,0,9.12,None,0.117,0,1,1,1,0,0,0,0,1,0.083,0.083,0,0,0.006916667,0.013833333,0,0,0,0,0
PJM_West,1,3780_G_4,conventional_hydroelectric,1,1,9,1,0.8,0,1,174,0,0,0,0,0,0,0,-1,0,-1,0,46475,0,0,0,0,0,0,0,0,9.12,None,0.117,0,1,1,1,0,0,0,0,1,0.083,0.083,0,0,0.006916667,0.013833333,0,0,0,0,0
PJM_AP,1,3789_G_1,conventional_hydroelectric,1,1,9,1,0.8,0,1,0.4,0,0,0,0,0,0,0,-1,0,-1,0,46475,0,0,0,0,0,0,0,0,9.12,None,0.117,0,1,1,1,0,0,0,0,1,0.083,0.083,0,0,0.006916667,0.013833333,0,0,0,0,0
PJM_AP,1,3789_G_2,conventional_hydroelectric,1,1,9,1,0.8,0,1,0.3,0,0,0,0,0,0,0,-1,0,-1,0,46475,0,0,0,0,0,0,0,0,9.12,None,0.117,0,1,1,1,0,0,0,0,1,0.083,0.083,0,0,0.006916667,0.013833333,0,0,0,0,0
PJM_AP,1,3789_G_3,conventional_hydroelectric,1,1,9,1,0.8,0,1,0.4,0,0,0,0,0,0,0,-1,0,-1,0,46475,0,0,0,0,0,0,0,0,9.12,None,0.117,0,1,1,1,0,0,0,0,1,0.083,0.083,0,0,0.006916667,0.013833333,0,0,0,0,0
PJM_West,1,3790_G_1,conventional_hydroelectric,1,1,9,1,0.8,0,1,0.3,0,0,0,0,0,0,0,-1,0,-1,0,46475,0,0,0,0,0,0,0,0,9.12,None,0.117,0,1,1,1,0,0,0,0,1,0.083,0.083,0,0,0.006916667,0.013833333,0,0,0,0,0
PJM_West,1,3790_G_2,conventional_hydroelectric,1,1,9,1,0.8,0,1,0.5,0,0,0,0,0,0,0,-1,0,-1,0,46475,0,0,0,0,0,0,0,0,9.12,None,0.117,0,1,1,1,0,0,0,0,1,0.083,0.083,0,0,0.006916667,0.013833333,0,0,0,0,0
PJM_West,1,3790_G_3,conventional_hydroelectric,1,1,9,1,0.8,0,1,0.5,0,0,0,0,0,0,0,-1,0,-1,0,46475,0,0,0,0,0,0,0,0,9.12,None,0.117,0,1,1,1,0,0,0,0,1,0.083,0.083,0,0,0.006916667,0.013833333,0,0,0,0,0
PJM_Dom,1,3798_G_1,conventional_hydroelectric,1,1,9,1,0.8,0,1,0.4,0,0,0,0,0,0,0,-1,0,-1,0,46475,0,0,0,0,0,0,0,0,9.12,None,0.117,0,1,1,1,0,0,0,0,1,0.083,0.083,0,0,0.006916667,0.013833333,0,0,0,0,0
PJM_Dom,1,3798_G_2,conventional_hydroelectric,1,1,9,1,0.8,0,1,0.4,0,0,0,0,0,0,0,-1,0,-1,0,46475,0,0,0,0,0,0,0,0,9.12,None,0.117,0,1,1,1,0,0,0,0,1,0.083,0.083,0,0,0.006916667,0.013833333,0,0,0,0,0
PJM_Dom,1,3798_G_3,conventional_hydroelectric,1,1,9,1,0.8,0,1,0.4,0,0,0,0,0,0,0,-1,0,-1,0,46475,0,0,0,0,0,0,0,0,9.12,None,0.117,0,1,1,1,0,0,0,0,1,0.083,0.083,0,0,0.006916667,0.013833333,0,0,0,0,0
PJM_Dom,1,3798_G_4,conventional_hydroelectric,1,1,9,1,0.8,0,1,0.4,0,0,0,0,0,0,0,-1,0,-1,0,46475,0,0,0,0,0,0,0,0,9.12,None,0.117,0,1,1,1,0,0,0,0,1,0.083,0.083,0,0,0.006916667,0.013833333,0,0,0,0,0
PJM_Dom,1,3798_G_5,conventional_hydroelectric,1,1,9,1,0.8,0,1,0.4,0,0,0,0,0,0,0,-1,0,-1,0,46475,0,0,0,0,0,0,0,0,9.12,None,0.117,0,1,1,1,0,0,0,0,1,0.083,0.083,0,0,0.006916667,0.013833333,0,0,0,0,0
PJM_West,1,3821_G_4,conventional_hydroelectric,1,1,9,1,0.8,0,1,2.5,0,0,0,0,0,0,0,-1,0,-1,0,46475,0,0,0,0,0,0,0,0,9.12,None,0.117,0,1,1,1,0,0,0,0,1,0.083,0.083,0,0,0.006916667,0.013833333,0,0,0,0,0
PJM_West,1,3821_G_5,conventional_hydroelectric,1,1,9,1,0.8,0,1,2.5,0,0,0,0,0,0,0,-1,0,-1,0,46475,0,0,0,0,0,0,0,0,9.12,None,0.117,0,1,1,1,0,0,0,0,1,0.083,0.083,0,0,0.006916667,0.013833333,0,0,0,0,0
PJM_West,1,3825_G_1,conventional_hydroelectric,1,1,9,1,0.8,0,1,3.5,0,0,0,0,0,0,0,-1,0,-1,0,46475,0,0,0,0,0,0,0,0,9.12,None,0.117,0,1,1,1,0,0,0,0,1,0.083,0.083,0,0,0.006916667,0.013833333,0,0,0,0,0
PJM_West,1,3825_G_2,conventional_hydroelectric,1,1,9,1,0.8,0,1,3.5,0,0,0,0,0,0,0,-1,0,-1,0,46475,0,0,0,0,0,0,0,0,9.12,None,0.117,0,1,1,1,0,0,0,0,1,0.083,0.083,0,0,0.006916667,0.013833333,0,0,0,0,0
PJM_West,1,3825_G_3,conventional_hydroelectric,1,1,9,1,0.8,0,1,3.5,0,0,0,0,0,0,0,-1,0,-1,0,46475,0,0,0,0,0,0,0,0,9.12,None,0.117,0,1,1,1,0,0,0,0,1,0.083,0.083,0,0,0.006916667,0.013833333,0,0,0,0,0
PJM_West,1,3825_G_4,conventional_hydroelectric,1,1,9,1,0.8,0,1,0.6,0,0,0,0,0,0,0,-1,0,-1,0,46475,0,0,0,0,0,0,0,0,9.12,None,0.117,0,1,1,1,0,0,0,0,1,0.083,0.083,0,0,0.006916667,0.013833333,0,0,0,0,0
PJM_West,1,3826_G_1,conventional_hydroelectric,1,1,9,1,0.8,0,1,0.3,0,0,0,0,0,0,0,-1,0,-1,0,46475,0,0,0,0,0,0,0,0,9.12,None,0.117,0,1,1,1,0,0,0,0,1,0.083,0.083,0,0,0.006916667,0.013833333,0,0,0,0,0
PJM_West,1,3826_G_2,conventional_hydroelectric,1,1,9,1,0.8,0,1,0.9,0,0,0,0,0,0,0,-1,0,-1,0,46475,0,0,0,0,0,0,0,0,9.12,None,0.117,0,1,1,1,0,0,0,0,1,0.083,0.083,0,0,0.006916667,0.013833333,0,0,0,0,0
PJM_West,1,3827_G_1,conventional_hydroelectric,1,1,9,1,0.8,0,1,1,0,0,0,0,0,0,0,-1,0,-1,0,46475,0,0,0,0,0,0,0,0,9.12,None,0.117,0,1,1,1,0,0,0,0,1,0.083,0.083,0,0,0.006916667,0.013833333,0,0,0,0,0
PJM_Dom,1,3833_G_1,conventional_hydroelectric,1,1,9,1,0.8,0,1,13.8,0,0,0,0,0,0,0,-1,0,-1,0,46475,0,0,0,0,0,0,0,0,9.12,None,0.117,0,1,1,1,0,0,0,0,1,0.083,0.083,0,0,0.006916667,0.013833333,0,0,0,0,0
PJM_Dom,1,3833_G_2,conventional_hydroelectric,1,1,9,1,0.8,0,1,46.8,0,0,0,0,0,0,0,-1,0,-1,0,46475,0,0,0,0,0,0,0,0,9.12,None,0.117,0,1,1,1,0,0,0,0,1,0.083,0.083,0,0,0.006916667,0.013833333,0,0,0,0,0
PJM_Dom,1,3833_G_3,conventional_hydroelectric,1,1,9,1,0.8,0,1,46.8,0,0,0,0,0,0,0,-1,0,-1,0,46475,0,0,0,0,0,0,0,0,9.12,None,0.117,0,1,1,1,0,0,0,0,1,0.083,0.083,0,0,0.006916667,0.013833333,0,0,0,0,0
PJM_Dom,1,3833_G_4,conventional_hydroelectric,1,1,9,1,0.8,0,1,46.8,0,0,0,0,0,0,0,-1,0,-1,0,46475,0,0,0,0,0,0,0,0,9.12,None,0.117,0,1,1,1,0,0,0,0,1,0.083,0.083,0,0,0.006916667,0.013833333,0,0,0,0,0
PJM_Dom,1,3833_G_5,conventional_hydroelectric,1,1,9,1,0.8,0,1,46.8,0,0,0,0,0,0,0,-1,0,-1,0,46475,0,0,0,0,0,0,0,0,9.12,None,0.117,0,1,1,1,0,0,0,0,1,0.083,0.083,0,0,0.006916667,0.013833333,0,0,0,0,0
PJM_Dom,1,3833_G_6,conventional_hydroelectric,1,1,9,1,0.8,0,1,46.8,0,0,0,0,0,0,0,-1,0,-1,0,46475,0,0,0,0,0,0,0,0,9.12,None,0.117,0,1,1,1,0,0,0,0,1,0.083,0.083,0,0,0.006916667,0.013833333,0,0,0,0,0
PJM_Dom,1,3833_G_7,conventional_hydroelectric,1,1,9,1,0.8,0,1,46.8,0,0,0,0,0,0,0,-1,0,-1,0,46475,0,0,0,0,0,0,0,0,9.12,None,0.117,0,1,1,1,0,0,0,0,1,0.083,0.083,0,0,0.006916667,0.013833333,0,0,0,0,0
PJM_Dom,1,3833_G_A,conventional_hydroelectric,1,1,9,1,0.8,0,1,1,0,0,0,0,0,0,0,-1,0,-1,0,46475,0,0,0,0,0,0,0,0,9.12,None,0.117,0,1,1,1,0,0,0,0,1,0.083,0.083,0,0,0.006916667,0.013833333,0,0,0,0,0
PJM_Dom,1,3833_G_B,conventional_hydroelectric,1,1,9,1,0.8,0,1,1,0,0,0,0,0,0,0,-1,0,-1,0,46475,0,0,0,0,0,0,0,0,9.12,None,0.117,0,1,1,1,0,0,0,0,1,0.083,0.083,0,0,0.006916667,0.013833333,0,0,0,0,0
PJM_West,1,3834_G_1,conventional_hydroelectric,1,1,9,1,0.8,0,1,10.7,0,0,0,0,0,0,0,-1,0,-1,0,46475,0,0,0,0,0,0,0,0,9.12,None,0.117,0,1,1,1,0,0,0,0,1,0.083,0.083,0,0,0.006916667,0.013833333,0,0,0,0,0
PJM_West,1,3834_G_3,conventional_hydroelectric,1,1,9,1,0.8,0,1,0.6,0,0,0,0,0,0,0,-1,0,-1,0,46475,0,0,0,0,0,0,0,0,9.12,None,0.117,0,1,1,1,0,0,0,0,1,0.083,0.083,0,0,0.006916667,0.013833333,0,0,0,0,0
PJM_West,1,4258_G_1,conventional_hydroelectric,1,1,9,1,0.8,0,1,23.4,0,0,0,0,0,0,0,-1,0,-1,0,46475,0,0,0,0,0,0,0,0,9.12,None,0.117,0,1,1,1,0,0,0,0,1,0.083,0.083,0,0,0.006916667,0.013833333,0,0,0,0,0
PJM_West,1,4258_G_2,conventional_hydroelectric,1,1,9,1,0.8,0,1,23.4,0,0,0,0,0,0,0,-1,0,-1,0,46475,0,0,0,0,0,0,0,0,9.12,None,0.117,0,1,1,1,0,0,0,0,1,0.083,0.083,0,0,0.006916667,0.013833333,0,0,0,0,0
PJM_West,1,4258_G_3,conventional_hydroelectric,1,1,9,1,0.8,0,1,23.4,0,0,0,0,0,0,0,-1,0,-1,0,46475,0,0,0,0,0,0,0,0,9.12,None,0.117,0,1,1,1,0,0,0,0,1,0.083,0.083,0,0,0.006916667,0.013833333,0,0,0,0,0
PJM_West,1,50010_G_GEN1,conventional_hydroelectric,1,1,9,1,0.8,0,1,0.4,0,0,0,0,0,0,0,-1,0,-1,0,46475,0,0,0,0,0,0,0,0,9.12,None,0.117,0,1,1,1,0,0,0,0,1,0.083,0.083,0,0,0.006916667,0.013833333,0,0,0,0,0
PJM_West,1,50010_G_GEN2,conventional_hydroelectric,1,1,9,1,0.8,0,1,0.4,0,0,0,0,0,0,0,-1,0,-1,0,46475,0,0,0,0,0,0,0,0,9.12,None,0.117,0,1,1,1,0,0,0,0,1,0.083,0.083,0,0,0.006916667,0.013833333,0,0,0,0,0
PJM_West,1,50010_G_GEN3,conventional_hydroelectric,1,1,9,1,0.8,0,1,0.4,0,0,0,0,0,0,0,-1,0,-1,0,46475,0,0,0,0,0,0,0,0,9.12,None,0.117,0,1,1,1,0,0,0,0,1,0.083,0.083,0,0,0.006916667,0.013833333,0,0,0,0,0
PJM_West,1,50010_G_GEN4,conventional_hydroelectric,1,1,9,1,0.8,0,1,0.4,0,0,0,0,0,0,0,-1,0,-1,0,46475,0,0,0,0,0,0,0,0,9.12,None,0.117,0,1,1,1,0,0,0,0,1,0.083,0.083,0,0,0.006916667,0.013833333,0,0,0,0,0
PJM_West,1,50010_G_GEN5,conventional_hydroelectric,1,1,9,1,0.8,0,1,0.4,0,0,0,0,0,0,0,-1,0,-1,0,46475,0,0,0,0,0,0,0,0,9.12,None,0.117,0,1,1,1,0,0,0,0,1,0.083,0.083,0,0,0.006916667,0.013833333,0,0,0,0,0
PJM_West,1,50010_G_GEN6,conventional_hydroelectric,1,1,9,1,0.8,0,1,0.4,0,0,0,0,0,0,0,-1,0,-1,0,46475,0,0,0,0,0,0,0,0,9.12,None,0.117,0,1,1,1,0,0,0,0,1,0.083,0.083,0,0,0.006916667,0.013833333,0,0,0,0,0
PJM_West,1,50010_G_GEN7,conventional_hydroelectric,1,1,9,1,0.8,0,1,1.9,0,0,0,0,0,0,0,-1,0,-1,0,46475,0,0,0,0,0,0,0,0,9.12,None,0.117,0,1,1,1,0,0,0,0,1,0.083,0.083,0,0,0.006916667,0.013833333,0,0,0,0,0
PJM_West,1,50010_G_GEN8,conventional_hydroelectric,1,1,9,1,0.8,0,1,1.9,0,0,0,0,0,0,0,-1,0,-1,0,46475,0,0,0,0,0,0,0,0,9.12,None,0.117,0,1,1,1,0,0,0,0,1,0.083,0.083,0,0,0.006916667,0.013833333,0,0,0,0,0
PJM_West,1,50011_G_GEN1,conventional_hydroelectric,1,1,9,1,0.8,0,1,24.2,0,0,0,0,0,0,0,-1,0,-1,0,46475,0,0,0,0,0,0,0,0,9.12,None,0.117,0,1,1,1,0,0,0,0,1,0.083,0.083,0,0,0.006916667,0.013833333,0,0,0,0,0
PJM_West,1,50011_G_GEN2,conventional_hydroelectric,1,1,9,1,0.8,0,1,24.2,0,0,0,0,0,0,0,-1,0,-1,0,46475,0,0,0,0,0,0,0,0,9.12,None,0.117,0,1,1,1,0,0,0,0,1,0.083,0.083,0,0,0.006916667,0.013833333,0,0,0,0,0
PJM_West,1,50011_G_GEN3,conventional_hydroelectric,1,1,9,1,0.8,0,1,24.2,0,0,0,0,0,0,0,-1,0,-1,0,46475,0,0,0,0,0,0,0,0,9.12,None,0.117,0,1,1,1,0,0,0,0,1,0.083,0.083,0,0,0.006916667,0.013833333,0,0,0,0,0
PJM_West,1,50011_G_GEN4,conventional_hydroelectric,1,1,9,1,0.8,0,1,24.2,0,0,0,0,0,0,0,-1,0,-1,0,46475,0,0,0,0,0,0,0,0,9.12,None,0.117,0,1,1,1,0,0,0,0,1,0.083,0.083,0,0,0.006916667,0.013833333,0,0,0,0,0
PJM_AP,1,50036_G_UNT1,conventional_hydroelectric,1,1,9,1,0.8,0,1,9.5,0,0,0,0,0,0,0,-1,0,-1,0,46475,0,0,0,0,0,0,0,0,9.12,None,0.117,0,1,1,1,0,0,0,0,1,0.083,0.083,0,0,0.006916667,0.013833333,0,0,0,0,0
PJM_AP,1,50036_G_UNT2,conventional_hydroelectric,1,1,9,1,0.8,0,1,9.5,0,0,0,0,0,0,0,-1,0,-1,0,46475,0,0,0,0,0,0,0,0,9.12,None,0.117,0,1,1,1,0,0,0,0,1,0.083,0.083,0,0,0.006916667,0.013833333,0,0,0,0,0
PJM_Dom,1,50175_G_GEN1,conventional_hydroelectric,1,1,9,1,0.8,0,1,2,0,0,0,0,0,0,0,-1,0,-1,0,46475,0,0,0,0,0,0,0,0,9.12,None,0.117,0,1,1,1,0,0,0,0,1,0.083,0.083,0,0,0.006916667,0.013833333,0,0,0,0,0
PJM_Dom,1,50175_G_GEN2,conventional_hydroelectric,1,1,9,1,0.8,0,1,0.5,0,0,0,0,0,0,0,-1,0,-1,0,46475,0,0,0,0,0,0,0,0,9.12,None,0.117,0,1,1,1,0,0,0,0,1,0.083,0.083,0,0,0.006916667,0.013833333,0,0,0,0,0
PJM_Dom,1,50178_G_GEN1,conventional_hydroelectric,1,1,9,1,0.8,0,1,0.8,0,0,0,0,0,0,0,-1,0,-1,0,46475,0,0,0,0,0,0,0,0,9.12,None,0.117,0,1,1,1,0,0,0,0,1,0.083,0.083,0,0,0.006916667,0.013833333,0,0,0,0,0
PJM_Dom,1,50178_G_GEN2,conventional_hydroelectric,1,1,9,1,0.8,0,1,0.4,0,0,0,0,0,0,0,-1,0,-1,0,46475,0,0,0,0,0,0,0,0,9.12,None,0.117,0,1,1,1,0,0,0,0,1,0.083,0.083,0,0,0.006916667,0.013833333,0,0,0,0,0
PJM_Dom,1,50178_G_GEN3,conventional_hydroelectric,1,1,9,1,0.8,0,1,0.4,0,0,0,0,0,0,0,-1,0,-1,0,46475,0,0,0,0,0,0,0,0,9.12,None,0.117,0,1,1,1,0,0,0,0,1,0.083,0.083,0,0,0.006916667,0.013833333,0,0,0,0,0
PJM_PENE,1,50893_G_GEN1,conventional_hydroelectric,1,1,9,1,0.8,0,1,3,0,0,0,0,0,0,0,-1,0,-1,0,46475,0,0,0,0,0,0,0,0,9.12,None,0.117,0,1,1,1,0,0,0,0,1,0.083,0.083,0,0,0.006916667,0.013833333,0,0,0,0,0
PJM_PENE,1,50893_G_GEN2,conventional_hydroelectric,1,1,9,1,0.8,0,1,3,0,0,0,0,0,0,0,-1,0,-1,0,46475,0,0,0,0,0,0,0,0,9.12,None,0.117,0,1,1,1,0,0,0,0,1,0.083,0.083,0,0,0.006916667,0.013833333,0,0,0,0,0
PJM_AP,1,50894_G_GEN1,conventional_hydroelectric,1,1,9,1,0.8,0,1,4,0,0,0,0,0,0,0,-1,0,-1,0,46475,0,0,0,0,0,0,0,0,9.12,None,0.117,0,1,1,1,0,0,0,0,1,0.083,0.083,0,0,0.006916667,0.013833333,0,0,0,0,0
PJM_AP,1,50894_G_GEN2,conventional_hydroelectric,1,1,9,1,0.8,0,1,4,0,0,0,0,0,0,0,-1,0,-1,0,46475,0,0,0,0,0,0,0,0,9.12,None,0.117,0,1,1,1,0,0,0,0,1,0.083,0.083,0,0,0.006916667,0.013833333,0,0,0,0,0
PJM_PENE,1,50897_G_GEN1,conventional_hydroelectric,1,1,9,1,0.8,0,1,6.8,0,0,0,0,0,0,0,-1,0,-1,0,46475,0,0,0,0,0,0,0,0,9.12,None,0.117,0,1,1,1,0,0,0,0,1,0.083,0.083,0,0,0.006916667,0.013833333,0,0,0,0,0
PJM_PENE,1,50897_G_GEN2,conventional_hydroelectric,1,1,9,1,0.8,0,1,6.8,0,0,0,0,0,0,0,-1,0,-1,0,46475,0,0,0,0,0,0,0,0,9.12,None,0.117,0,1,1,1,0,0,0,0,1,0.083,0.083,0,0,0.006916667,0.013833333,0,0,0,0,0
PJM_PENE,1,50898_G_GEN1,conventional_hydroelectric,1,1,9,1,0.8,0,1,8.9,0,0,0,0,0,0,0,-1,0,-1,0,46475,0,0,0,0,0,0,0,0,9.12,None,0.117,0,1,1,1,0,0,0,0,1,0.083,0.083,0,0,0.006916667,0.013833333,0,0,0,0,0
PJM_PENE,1,50898_G_GEN2,conventional_hydroelectric,1,1,9,1,0.8,0,1,8.9,0,0,0,0,0,0,0,-1,0,-1,0,46475,0,0,0,0,0,0,0,0,9.12,None,0.117,0,1,1,1,0,0,0,0,1,0.083,0.083,0,0,0.006916667,0.013833333,0,0,0,0,0
PJM_PENE,1,52036_G_GEN1,conventional_hydroelectric,1,1,9,1,0.8,0,1,6.1,0,0,0,0,0,0,0,-1,0,-1,0,46475,0,0,0,0,0,0,0,0,9.12,None,0.117,0,1,1,1,0,0,0,0,1,0.083,0.083,0,0,0.006916667,0.013833333,0,0,0,0,0
PJM_PENE,1,52036_G_GEN2,conventional_hydroelectric,1,1,9,1,0.8,0,1,6.1,0,0,0,0,0,0,0,-1,0,-1,0,46475,0,0,0,0,0,0,0,0,9.12,None,0.117,0,1,1,1,0,0,0,0,1,0.083,0.083,0,0,0.006916667,0.013833333,0,0,0,0,0
PJM_EMAC,1,52068_G_GEN1,conventional_hydroelectric,1,1,9,1,0.8,0,1,3.3,0,0,0,0,0,0,0,-1,0,-1,0,46475,0,0,0,0,0,0,0,0,9.12,None,0.117,0,1,1,1,0,0,0,0,1,0.083,0.083,0,0,0.006916667,0.013833333,0,0,0,0,0
PJM_EMAC,1,52068_G_GEN2,conventional_hydroelectric,1,1,9,1,0.8,0,1,3.3,0,0,0,0,0,0,0,-1,0,-1,0,46475,0,0,0,0,0,0,0,0,9.12,None,0.117,0,1,1,1,0,0,0,0,1,0.083,0.083,0,0,0.006916667,0.013833333,0,0,0,0,0
PJM_EMAC,1,52068_G_GEN3,conventional_hydroelectric,1,1,9,1,0.8,0,1,3.3,0,0,0,0,0,0,0,-1,0,-1,0,46475,0,0,0,0,0,0,0,0,9.12,None,0.117,0,1,1,1,0,0,0,0,1,0.083,0.083,0,0,0.006916667,0.013833333,0,0,0,0,0
PJM_PENE,1,52173_G_GEN1,conventional_hydroelectric,1,1,9,1,0.8,0,1,2,0,0,0,0,0,0,0,-1,0,-1,0,46475,0,0,0,0,0,0,0,0,9.12,None,0.117,0,1,1,1,0,0,0,0,1,0.083,0.083,0,0,0.006916667,0.013833333,0,0,0,0,0
PJM_PENE,1,52173_G_GEN2,conventional_hydroelectric,1,1,9,1,0.8,0,1,2,0,0,0,0,0,0,0,-1,0,-1,0,46475,0,0,0,0,0,0,0,0,9.12,None,0.117,0,1,1,1,0,0,0,0,1,0.083,0.083,0,0,0.006916667,0.013833333,0,0,0,0,0
PJM_COMD,1,54525_G_1,conventional_hydroelectric,1,1,9,1,0.8,0,1,0.4,0,0,0,0,0,0,0,-1,0,-1,0,46475,0,0,0,0,0,0,0,0,9.12,None,0.117,0,1,1,1,0,0,0,0,1,0.083,0.083,0,0,0.006916667,0.013833333,0,0,0,0,0
PJM_COMD,1,54525_G_2,conventional_hydroelectric,1,1,9,1,0.8,0,1,0.4,0,0,0,0,0,0,0,-1,0,-1,0,46475,0,0,0,0,0,0,0,0,9.12,None,0.117,0,1,1,1,0,0,0,0,1,0.083,0.083,0,0,0.006916667,0.013833333,0,0,0,0,0
PJM_COMD,1,54525_G_3,conventional_hydroelectric,1,1,9,1,0.8,0,1,0.4,0,0,0,0,0,0,0,-1,0,-1,0,46475,0,0,0,0,0,0,0,0,9.12,None,0.117,0,1,1,1,0,0,0,0,1,0.083,0.083,0,0,0.006916667,0.013833333,0,0,0,0,0
PJM_Dom,1,54655_G_SCH1,conventional_hydroelectric,1,1,9,1,0.8,0,1,1.5,0,0,0,0,0,0,0,-1,0,-1,0,46475,0,0,0,0,0,0,0,0,9.12,None,0.117,0,1,1,1,0,0,0,0,1,0.083,0.083,0,0,0.006916667,0.013833333,0,0,0,0,0
PJM_Dom,1,54655_G_SCH2,conventional_hydroelectric,1,1,9,1,0.8,0,1,1.5,0,0,0,0,0,0,0,-1,0,-1,0,46475,0,0,0,0,0,0,0,0,9.12,None,0.117,0,1,1,1,0,0,0,0,1,0.083,0.083,0,0,0.006916667,0.013833333,0,0,0,0,0
PJM_Dom,1,54655_G_SCH3,conventional_hydroelectric,1,1,9,1,0.8,0,1,1.5,0,0,0,0,0,0,0,-1,0,-1,0,46475,0,0,0,0,0,0,0,0,9.12,None,0.117,0,1,1,1,0,0,0,0,1,0.083,0.083,0,0,0.006916667,0.013833333,0,0,0,0,0
PJM_COMD,1,54969_G_1,conventional_hydroelectric,1,1,9,1,0.8,0,1,0.6,0,0,0,0,0,0,0,-1,0,-1,0,46475,0,0,0,0,0,0,0,0,9.12,None,0.117,0,1,1,1,0,0,0,0,1,0.083,0.083,0,0,0.006916667,0.013833333,0,0,0,0,0
PJM_COMD,1,54969_G_2,conventional_hydroelectric,1,1,9,1,0.8,0,1,0.6,0,0,0,0,0,0,0,-1,0,-1,0,46475,0,0,0,0,0,0,0,0,9.12,None,0.117,0,1,1,1,0,0,0,0,1,0.083,0.083,0,0,0.006916667,0.013833333,0,0,0,0,0
PJM_COMD,1,54969_G_3,conventional_hydroelectric,1,1,9,1,0.8,0,1,0.6,0,0,0,0,0,0,0,-1,0,-1,0,46475,0,0,0,0,0,0,0,0,9.12,None,0.117,0,1,1,1,0,0,0,0,1,0.083,0.083,0,0,0.006916667,0.013833333,0,0,0,0,0
PJM_COMD,1,54969_G_4,conventional_hydroelectric,1,1,9,1,0.8,0,1,0.6,0,0,0,0,0,0,0,-1,0,-1,0,46475,0,0,0,0,0,0,0,0,9.12,None,0.117,0,1,1,1,0,0,0,0,1,0.083,0.083,0,0,0.006916667,0.013833333,0,0,0,0,0
PJM_COMD,1,54969_G_5,conventional_hydroelectric,1,1,9,1,0.8,0,1,0.6,0,0,0,0,0,0,0,-1,0,-1,0,46475,0,0,0,0,0,0,0,0,9.12,None,0.117,0,1,1,1,0,0,0,0,1,0.083,0.083,0,0,0.006916667,0.013833333,0,0,0,0,0
PJM_West,1,56333_G_GEN1,conventional_hydroelectric,1,1,9,1,0.8,0,1,40,0,0,0,0,0,0,0,-1,0,-1,0,46475,0,0,0,0,0,0,0,0,9.12,None,0.117,0,1,1,1,0,0,0,0,1,0.083,0.083,0,0,0.006916667,0.013833333,0,0,0,0,0
PJM_West,1,56333_G_GEN2,conventional_hydroelectric,1,1,9,1,0.8,0,1,40,0,0,0,0,0,0,0,-1,0,-1,0,46475,0,0,0,0,0,0,0,0,9.12,None,0.117,0,1,1,1,0,0,0,0,1,0.083,0.083,0,0,0.006916667,0.013833333,0,0,0,0,0
PJM_West,1,56872_G_1,conventional_hydroelectric,1,1,9,1,0.8,0,1,35,0,0,0,0,0,0,0,-1,0,-1,0,46475,0,0,0,0,0,0,0,0,9.12,None,0.117,0,1,1,1,0,0,0,0,1,0.083,0.083,0,0,0.006916667,0.013833333,0,0,0,0,0
PJM_West,1,56872_G_2,conventional_hydroelectric,1,1,9,1,0.8,0,1,35,0,0,0,0,0,0,0,-1,0,-1,0,46475,0,0,0,0,0,0,0,0,9.12,None,0.117,0,1,1,1,0,0,0,0,1,0.083,0.083,0,0,0.006916667,0.013833333,0,0,0,0,0
PJM_West,1,56872_G_3,conventional_hydroelectric,1,1,9,1,0.8,0,1,35,0,0,0,0,0,0,0,-1,0,-1,0,46475,0,0,0,0,0,0,0,0,9.12,None,0.117,0,1,1,1,0,0,0,0,1,0.083,0.083,0,0,0.006916667,0.013833333,0,0,0,0,0
PJM_AP,1,57401_G_WIG1,conventional_hydroelectric,1,1,9,1,0.8,0,1,22,0,0,0,0,0,0,0,-1,0,-1,0,46475,0,0,0,0,0,0,0,0,9.12,None,0.117,0,1,1,1,0,0,0,0,1,0.083,0.083,0,0,0.006916667,0.013833333,0,0,0,0,0
PJM_AP,1,57401_G_WIG2,conventional_hydroelectric,1,1,9,1,0.8,0,1,22,0,0,0,0,0,0,0,-1,0,-1,0,46475,0,0,0,0,0,0,0,0,9.12,None,0.117,0,1,1,1,0,0,0,0,1,0.083,0.083,0,0,0.006916667,0.013833333,0,0,0,0,0
PJM_PENE,1,58685_G_8107,conventional_hydroelectric,1,1,9,1,0.8,0,1,6.7,0,0,0,0,0,0,0,-1,0,-1,0,46475,0,0,0,0,0,0,0,0,9.12,None,0.117,0,1,1,1,0,0,0,0,1,0.083,0.083,0,0,0.006916667,0.013833333,0,0,0,0,0
PJM_COMD,1,58903_G_UNIT1,conventional_hydroelectric,1,1,9,1,0.8,0,1,2.6,0,0,0,0,0,0,0,-1,0,-1,0,46475,0,0,0,0,0,0,0,0,9.12,None,0.117,0,1,1,1,0,0,0,0,1,0.083,0.083,0,0,0.006916667,0.013833333,0,0,0,0,0
PJM_COMD,1,58903_G_UNIT2,conventional_hydroelectric,1,1,9,1,0.8,0,1,2.6,0,0,0,0,0,0,0,-1,0,-1,0,46475,0,0,0,0,0,0,0,0,9.12,None,0.117,0,1,1,1,0,0,0,0,1,0.083,0.083,0,0,0.006916667,0.013833333,0,0,0,0,0
PJM_COMD,1,58903_G_UNIT3,conventional_hydroelectric,1,1,9,1,0.8,0,1,2.6,0,0,0,0,0,0,0,-1,0,-1,0,46475,0,0,0,0,0,0,0,0,9.12,None,0.117,0,1,1,1,0,0,0,0,1,0.083,0.083,0,0,0.006916667,0.013833333,0,0,0,0,0
PJM_COMD,1,58903_G_UNIT4,conventional_hydroelectric,1,1,9,1,0.8,0,1,2.6,0,0,0,0,0,0,0,-1,0,-1,0,46475,0,0,0,0,0,0,0,0,9.12,None,0.117,0,1,1,1,0,0,0,0,1,0.083,0.083,0,0,0.006916667,0.013833333,0,0,0,0,0
PJM_West,1,6006_G_1,conventional_hydroelectric,1,1,9,1,0.8,0,1,10,0,0,0,0,0,0,0,-1,0,-1,0,46475,0,0,0,0,0,0,0,0,9.12,None,0.117,0,1,1,1,0,0,0,0,1,0.083,0.083,0,0,0.006916667,0.013833333,0,0,0,0,0
PJM_West,1,6006_G_2,conventional_hydroelectric,1,1,9,1,0.8,0,1,10,0,0,0,0,0,0,0,-1,0,-1,0,46475,0,0,0,0,0,0,0,0,9.12,None,0.117,0,1,1,1,0,0,0,0,1,0.083,0.083,0,0,0.006916667,0.013833333,0,0,0,0,0
PJM_Dom,1,6168_G_HC1,conventional_hydroelectric,1,1,9,1,0.8,0,1,1,0,0,0,0,0,0,0,-1,0,-1,0,46475,0,0,0,0,0,0,0,0,9.12,None,0.117,0,1,1,1,0,0,0,0,1,0.083,0.083,0,0,0.006916667,0.013833333,0,0,0,0,0
PJM_West,1,6171_G_1,conventional_hydroelectric,1,1,9,1,0.8,0,1,61,0,0,0,0,0,0,0,-1,0,-1,0,46475,0,0,0,0,0,0,0,0,9.12,None,0.117,0,1,1,1,0,0,0,0,1,0.083,0.083,0,0,0.006916667,0.013833333,0,0,0,0,0
PJM_West,1,62747_G_1,conventional_hydroelectric,1,1,9,1,0.8,0,1,0.5,0,0,0,0,0,0,0,-1,0,-1,0,46475,0,0,0,0,0,0,0,0,9.12,None,0.117,0,1,1,1,0,0,0,0,1,0.083,0.083,0,0,0.006916667,0.013833333,0,0,0,0,0
PJM_West,1,62747_G_2,conventional_hydroelectric,1,1,9,1,0.8,0,1,0.5,0,0,0,0,0,0,0,-1,0,-1,0,46475,0,0,0,0,0,0,0,0,9.12,None,0.117,0,1,1,1,0,0,0,0,1,0.083,0.083,0,0,0.006916667,0.013833333,0,0,0,0,0
PJM_West,1,62747_G_3,conventional_hydroelectric,1,1,9,1,0.8,0,1,0.5,0,0,0,0,0,0,0,-1,0,-1,0,46475,0,0,0,0,0,0,0,0,9.12,None,0.117,0,1,1,1,0,0,0,0,1,0.083,0.083,0,0,0.006916667,0.013833333,0,0,0,0,0
PJM_West,1,62747_G_4,conventional_hydroelectric,1,1,9,1,0.8,0,1,0.5,0,0,0,0,0,0,0,-1,0,-1,0,46475,0,0,0,0,0,0,0,0,9.12,None,0.117,0,1,1,1,0,0,0,0,1,0.083,0.083,0,0,0.006916667,0.013833333,0,0,0,0,0
PJM_West,1,62747_G_5,conventional_hydroelectric,1,1,9,1,0.8,0,1,0.5,0,0,0,0,0,0,0,-1,0,-1,0,46475,0,0,0,0,0,0,0,0,9.12,None,0.117,0,1,1,1,0,0,0,0,1,0.083,0.083,0,0,0.006916667,0.013833333,0,0,0,0,0
PJM_West,1,62918_G_HYD1,conventional_hydroelectric,1,1,9,1,0.8,0,1,2.5,0,0,0,0,0,0,0,-1,0,-1,0,46475,0,0,0,0,0,0,0,0,9.12,None,0.117,0,1,1,1,0,0,0,0,1,0.083,0.083,0,0,0.006916667,0.013833333,0,0,0,0,0
PJM_AP,1,6543_G_1,conventional_hydroelectric,1,1,9,1,0.8,0,1,0.5,0,0,0,0,0,0,0,-1,0,-1,0,46475,0,0,0,0,0,0,0,0,9.12,None,0.117,0,1,1,1,0,0,0,0,1,0.083,0.083,0,0,0.006916667,0.013833333,0,0,0,0,0
PJM_AP,1,6543_G_2,conventional_hydroelectric,1,1,9,1,0.8,0,1,0.5,0,0,0,0,0,0,0,-1,0,-1,0,46475,0,0,0,0,0,0,0,0,9.12,None,0.117,0,1,1,1,0,0,0,0,1,0.083,0.083,0,0,0.006916667,0.013833333,0,0,0,0,0
PJM_AP,1,6543_G_3,conventional_hydroelectric,1,1,9,1,0.8,0,1,0.9,0,0,0,0,0,0,0,-1,0,-1,0,46475,0,0,0,0,0,0,0,0,9.12,None,0.117,0,1,1,1,0,0,0,0,1,0.083,0.083,0,0,0.006916667,0.013833333,0,0,0,0,0
PJM_AP,1,6544_G_1,conventional_hydroelectric,1,1,9,1,0.8,0,1,0.5,0,0,0,0,0,0,0,-1,0,-1,0,46475,0,0,0,0,0,0,0,0,9.12,None,0.117,0,1,1,1,0,0,0,0,1,0.083,0.083,0,0,0.006916667,0.013833333,0,0,0,0,0
PJM_AP,1,6544_G_2,conventional_hydroelectric,1,1,9,1,0.8,0,1,0.5,0,0,0,0,0,0,0,-1,0,-1,0,46475,0,0,0,0,0,0,0,0,9.12,None,0.117,0,1,1,1,0,0,0,0,1,0.083,0.083,0,0,0.006916667,0.013833333,0,0,0,0,0
PJM_AP,1,6546_G_1,conventional_hydroelectric,1,1,9,1,0.8,0,1,0.6,0,0,0,0,0,0,0,-1,0,-1,0,46475,0,0,0,0,0,0,0,0,9.12,None,0.117,0,1,1,1,0,0,0,0,1,0.083,0.083,0,0,0.006916667,0.013833333,0,0,0,0,0
PJM_AP,1,6546_G_2,conventional_hydroelectric,1,1,9,1,0.8,0,1,0.8,0,0,0,0,0,0,0,-1,0,-1,0,46475,0,0,0,0,0,0,0,0,9.12,None,0.117,0,1,1,1,0,0,0,0,1,0.083,0.083,0,0,0.006916667,0.013833333,0,0,0,0,0
PJM_AP,1,6546_G_3,conventional_hydroelectric,1,1,9,1,0.8,0,1,1,0,0,0,0,0,0,0,-1,0,-1,0,46475,0,0,0,0,0,0,0,0,9.12,None,0.117,0,1,1,1,0,0,0,0,1,0.083,0.083,0,0,0.006916667,0.013833333,0,0,0,0,0
PJM_West,1,6560_G_1,conventional_hydroelectric,1,1,9,1,0.8,0,1,4.8,0,0,0,0,0,0,0,-1,0,-1,0,46475,0,0,0,0,0,0,0,0,9.12,None,0.117,0,1,1,1,0,0,0,0,1,0.083,0.083,0,0,0.006916667,0.013833333,0,0,0,0,0
PJM_West,1,6560_G_2,conventional_hydroelectric,1,1,9,1,0.8,0,1,4.8,0,0,0,0,0,0,0,-1,0,-1,0,46475,0,0,0,0,0,0,0,0,9.12,None,0.117,0,1,1,1,0,0,0,0,1,0.083,0.083,0,0,0.006916667,0.013833333,0,0,0,0,0
PJM_West,1,6560_G_3,conventional_hydroelectric,1,1,9,1,0.8,0,1,4.8,0,0,0,0,0,0,0,-1,0,-1,0,46475,0,0,0,0,0,0,0,0,9.12,None,0.117,0,1,1,1,0,0,0,0,1,0.083,0.083,0,0,0.006916667,0.013833333,0,0,0,0,0
PJM_West,1,6561_G_1,conventional_hydroelectric,1,1,9,1,0.8,0,1,4.8,0,0,0,0,0,0,0,-1,0,-1,0,46475,0,0,0,0,0,0,0,0,9.12,None,0.117,0,1,1,1,0,0,0,0,1,0.083,0.083,0,0,0.006916667,0.013833333,0,0,0,0,0
PJM_West,1,6561_G_2,conventional_hydroelectric,1,1,9,1,0.8,0,1,4.8,0,0,0,0,0,0,0,-1,0,-1,0,46475,0,0,0,0,0,0,0,0,9.12,None,0.117,0,1,1,1,0,0,0,0,1,0.083,0.083,0,0,0.006916667,0.013833333,0,0,0,0,0
PJM_West,1,6561_G_3,conventional_hydroelectric,1,1,9,1,0.8,0,1,4.8,0,0,0,0,0,0,0,-1,0,-1,0,46475,0,0,0,0,0,0,0,0,9.12,None,0.117,0,1,1,1,0,0,0,0,1,0.083,0.083,0,0,0.006916667,0.013833333,0,0,0,0,0
PJM_West,1,6562_G_1,conventional_hydroelectric,1,1,9,1,0.8,0,1,8.9,0,0,0,0,0,0,0,-1,0,-1,0,46475,0,0,0,0,0,0,0,0,9.12,None,0.117,0,1,1,1,0,0,0,0,1,0.083,0.083,0,0,0.006916667,0.013833333,0,0,0,0,0
PJM_West,1,6562_G_2,conventional_hydroelectric,1,1,9,1,0.8,0,1,4.9,0,0,0,0,0,0,0,-1,0,-1,0,46475,0,0,0,0,0,0,0,0,9.12,None,0.117,0,1,1,1,0,0,0,0,1,0.083,0.083,0,0,0.006916667,0.013833333,0,0,0,0,0
PJM_West,1,6562_G_3,conventional_hydroelectric,1,1,9,1,0.8,0,1,4.9,0,0,0,0,0,0,0,-1,0,-1,0,46475,0,0,0,0,0,0,0,0,9.12,None,0.117,0,1,1,1,0,0,0,0,1,0.083,0.083,0,0,0.006916667,0.013833333,0,0,0,0,0
PJM_AP,1,6636_G_1,conventional_hydroelectric,1,1,9,1,0.8,0,1,13,0,0,0,0,0,0,0,-1,0,-1,0,46475,0,0,0,0,0,0,0,0,9.12,None,0.117,0,1,1,1,0,0,0,0,1,0.083,0.083,0,0,0.006916667,0.013833333,0,0,0,0,0
PJM_AP,1,6636_G_2,conventional_hydroelectric,1,1,9,1,0.8,0,1,13,0,0,0,0,0,0,0,-1,0,-1,0,46475,0,0,0,0,0,0,0,0,9.12,None,0.117,0,1,1,1,0,0,0,0,1,0.083,0.083,0,0,0.006916667,0.013833333,0,0,0,0,0
PJM_AP,1,6636_G_3,conventional_hydroelectric,1,1,9,1,0.8,0,1,13,0,0,0,0,0,0,0,-1,0,-1,0,46475,0,0,0,0,0,0,0,0,9.12,None,0.117,0,1,1,1,0,0,0,0,1,0.083,0.083,0,0,0.006916667,0.013833333,0,0,0,0,0
PJM_AP,1,6636_G_4,conventional_hydroelectric,1,1,9,1,0.8,0,1,13,0,0,0,0,0,0,0,-1,0,-1,0,46475,0,0,0,0,0,0,0,0,9.12,None,0.117,0,1,1,1,0,0,0,0,1,0.083,0.083,0,0,0.006916667,0.013833333,0,0,0,0,0
PJM_PENE,1,7128_G_1,conventional_hydroelectric,1,1,9,1,0.8,0,1,2.4,0,0,0,0,0,0,0,-1,0,-1,0,46475,0,0,0,0,0,0,0,0,9.12,None,0.117,0,1,1,1,0,0,0,0,1,0.083,0.083,0,0,0.006916667,0.013833333,0,0,0,0,0
PJM_PENE,1,7128_G_2,conventional_hydroelectric,1,1,9,1,0.8,0,1,6,0,0,0,0,0,0,0,-1,0,-1,0,46475,0,0,0,0,0,0,0,0,9.12,None,0.117,0,1,1,1,0,0,0,0,1,0.083,0.083,0,0,0.006916667,0.013833333,0,0,0,0,0
PJM_COMD,1,7474_G_1,conventional_hydroelectric,1,1,9,1,0.8,0,1,1,0,0,0,0,0,0,0,-1,0,-1,0,46475,0,0,0,0,0,0,0,0,9.12,None,0.117,0,1,1,1,0,0,0,0,1,0.083,0.083,0,0,0.006916667,0.013833333,0,0,0,0,0
PJM_COMD,1,7474_G_2,conventional_hydroelectric,1,1,9,1,0.8,0,1,1,0,0,0,0,0,0,0,-1,0,-1,0,46475,0,0,0,0,0,0,0,0,9.12,None,0.117,0,1,1,1,0,0,0,0,1,0.083,0.083,0,0,0.006916667,0.013833333,0,0,0,0,0
PJM_ATSI,1,7657_G_1,conventional_hydroelectric,1,1,9,1,0.8,0,1,0.8,0,0,0,0,0,0,0,-1,0,-1,0,46475,0,0,0,0,0,0,0,0,9.12,None,0.117,0,1,1,1,0,0,0,0,1,0.083,0.083,0,0,0.006916667,0.013833333,0,0,0,0,0
PJM_ATSI,1,7657_G_2A,conventional_hydroelectric,1,1,9,1,0.8,0,1,1,0,0,0,0,0,0,0,-1,0,-1,0,46475,0,0,0,0,0,0,0,0,9.12,None,0.117,0,1,1,1,0,0,0,0,1,0.083,0.083,0,0,0.006916667,0.013833333,0,0,0,0,0
PJM_ATSI,1,7657_G_3A,conventional_hydroelectric,1,1,9,1,0.8,0,1,1,0,0,0,0,0,0,0,-1,0,-1,0,46475,0,0,0,0,0,0,0,0,9.12,None,0.117,0,1,1,1,0,0,0,0,1,0.083,0.083,0,0,0.006916667,0.013833333,0,0,0,0,0
PJM_ATSI,1,7657_G_4,conventional_hydroelectric,1,1,9,1,0.8,0,1,0.8,0,0,0,0,0,0,0,-1,0,-1,0,46475,0,0,0,0,0,0,0,0,9.12,None,0.117,0,1,1,1,0,0,0,0,1,0.083,0.083,0,0,0.006916667,0.013833333,0,0,0,0,0
PJM_ATSI,1,7657_G_5,conventional_hydroelectric,1,1,9,1,0.8,0,1,0.8,0,0,0,0,0,0,0,-1,0,-1,0,46475,0,0,0,0,0,0,0,0,9.12,None,0.117,0,1,1,1,0,0,0,0,1,0.083,0.083,0,0,0.006916667,0.013833333,0,0,0,0,0
PJM_ATSI,1,7657_G_6,conventional_hydroelectric,1,1,9,1,0.8,0,1,0.1,0,0,0,0,0,0,0,-1,0,-1,0,46475,0,0,0,0,0,0,0,0,9.12,None,0.117,0,1,1,1,0,0,0,0,1,0.083,0.083,0,0,0.006916667,0.013833333,0,0,0,0,0
PJM_West,1,7594_G_1,conventional_hydroelectric,1,1,9,1,0.8,0,1,21,0,0,0,0,0,0,0,-1,0,-1,0,46475,0,0,0,0,0,0,0,0,9.12,None,0.117,0,1,1,1,0,0,0,0,1,0.083,0.083,0,0,0.006916667,0.013833333,0,0,0,0,0
PJM_West,1,7594_G_2,conventional_hydroelectric,1,1,9,1,0.8,0,1,21,0,0,0,0,0,0,0,-1,0,-1,0,46475,0,0,0,0,0,0,0,0,9.12,None,0.117,0,1,1,1,0,0,0,0,1,0.083,0.083,0,0,0.006916667,0.013833333,0,0,0,0,0
PJM_West,1,7807_G_3,conventional_hydroelectric,1,1,9,1,0.8,0,1,1,0,0,0,0,0,0,0,-1,0,-1,0,46475,0,0,0,0,0,0,0,0,9.12,None,0.117,0,1,1,1,0,0,0,0,1,0.083,0.083,0,0,0.006916667,0.013833333,0,0,0,0,0
PJM_West,1,7807_G_4,conventional_hydroelectric,1,1,9,1,0.8,0,1,1,0,0,0,0,0,0,0,-1,0,-1,0,46475,0,0,0,0,0,0,0,0,9.12,None,0.117,0,1,1,1,0,0,0,0,1,0.083,0.083,0,0,0.006916667,0.013833333,0,0,0,0,0
PJM_PENE,1,8225_G_3,conventional_hydroelectric,1,1,9,1,0.8,0,1,30,0,0,0,0,0,0,0,-1,0,-1,0,46475,0,0,0,0,0,0,0,0,9.12,None,0.117,0,1,1,1,0,0,0,0,1,0.083,0.083,0,0,0.006916667,0.013833333,0,0,0,0,0
PJM_COMD,1,903_G_1,conventional_hydroelectric,1,1,9,1,0.8,0,1,0.6,0,0,0,0,0,0,0,-1,0,-1,0,46475,0,0,0,0,0,0,0,0,9.12,None,0.117,0,1,1,1,0,0,0,0,1,0.083,0.083,0,0,0.006916667,0.013833333,0,0,0,0,0
PJM_COMD,1,903_G_2,conventional_hydroelectric,1,1,9,1,0.8,0,1,0.5,0,0,0,0,0,0,0,-1,0,-1,0,46475,0,0,0,0,0,0,0,0,9.12,None,0.117,0,1,1,1,0,0,0,0,1,0.083,0.083,0,0,0.006916667,0.013833333,0,0,0,0,0
PJM_West,1,986_G_1,conventional_hydroelectric,1,1,9,1,0.8,0,1,0.6,0,0,0,0,0,0,0,-1,0,-1,0,46475,0,0,0,0,0,0,0,0,9.12,None,0.117,0,1,1,1,0,0,0,0,1,0.083,0.083,0,0,0.006916667,0.013833333,0,0,0,0,0
PJM_West,1,986_G_2,conventional_hydroelectric,1,1,9,1,0.8,0,1,0.4,0,0,0,0,0,0,0,-1,0,-1,0,46475,0,0,0,0,0,0,0,0,9.12,None,0.117,0,1,1,1,0,0,0,0,1,0.083,0.083,0,0,0.006916667,0.013833333,0,0,0,0,0
PJM_West,1,986_G_3,conventional_hydroelectric,1,1,9,1,0.8,0,1,0.4,0,0,0,0,0,0,0,-1,0,-1,0,46475,0,0,0,0,0,0,0,0,9.12,None,0.117,0,1,1,1,0,0,0,0,1,0.083,0.083,0,0,0.006916667,0.013833333,0,0,0,0,0
PJM_West,1,989_G_H1E,conventional_hydroelectric,1,1,9,1,0.8,0,1,0.5,0,0,0,0,0,0,0,-1,0,-1,0,46475,0,0,0,0,0,0,0,0,9.12,None,0.117,0,1,1,1,0,0,0,0,1,0.083,0.083,0,0,0.006916667,0.013833333,0,0,0,0,0
PJM_West,1,989_G_H1W,conventional_hydroelectric,1,1,9,1,0.8,0,1,0.5,0,0,0,0,0,0,0,-1,0,-1,0,46475,0,0,0,0,0,0,0,0,9.12,None,0.117,0,1,1,1,0,0,0,0,1,0.083,0.083,0,0,0.006916667,0.013833333,0,0,0,0,0
PJM_West,1,989_G_H2W,conventional_hydroelectric,1,1,9,1,0.8,0,1,0.5,0,0,0,0,0,0,0,-1,0,-1,0,46475,0,0,0,0,0,0,0,0,9.12,None,0.117,0,1,1,1,0,0,0,0,1,0.083,0.083,0,0,0.006916667,0.013833333,0,0,0,0,0
PJM_West,1,989_G_H3W,conventional_hydroelectric,1,1,9,1,0.8,0,1,0.5,0,0,0,0,0,0,0,-1,0,-1,0,46475,0,0,0,0,0,0,0,0,9.12,None,0.117,0,1,1,1,0,0,0,0,1,0.083,0.083,0,0,0.006916667,0.013833333,0,0,0,0,0
PJM_West,1,989_G_H4W,conventional_hydroelectric,1,1,9,1,0.8,0,1,0.5,0,0,0,0,0,0,0,-1,0,-1,0,46475,0,0,0,0,0,0,0,0,9.12,None,0.117,0,1,1,1,0,0,0,0,1,0.083,0.083,0,0,0.006916667,0.013833333,0,0,0,0,0
PJM_West,1,989_G_H5W,conventional_hydroelectric,1,1,9,1,0.8,0,1,0.5,0,0,0,0,0,0,0,-1,0,-1,0,46475,0,0,0,0,0,0,0,0,9.12,None,0.117,0,1,1,1,0,0,0,0,1,0.083,0.083,0,0,0.006916667,0.013833333,0,0,0,0,0
PJM_West,1,989_G_H6E,conventional_hydroelectric,1,1,9,1,0.8,0,1,0.5,0,0,0,0,0,0,0,-1,0,-1,0,46475,0,0,0,0,0,0,0,0,9.12,None,0.117,0,1,1,1,0,0,0,0,1,0.083,0.083,0,0,0.006916667,0.013833333,0,0,0,0,0
PJM_West,1,989_G_H6W,conventional_hydroelectric,1,1,9,1,0.8,0,1,0.5,0,0,0,0,0,0,0,-1,0,-1,0,46475,0,0,0,0,0,0,0,0,9.12,None,0.117,0,1,1,1,0,0,0,0,1,0.083,0.083,0,0,0.006916667,0.013833333,0,0,0,0,0